tally number,tally desc,volume,energy 1 (MeV),f4 bin 1 (flux),f4 unc 1 (flux),energy 2 (MeV),f4 bin 2 (flux),f4 unc 2 (flux),energy 3 (MeV),f4 bin 3 (flux),f4 unc 3 (flux),energy 4 (MeV),f4 bin 4 (flux),f4 unc 4 (flux),energy 5 (MeV),f4 bin 5 (flux),f4 unc 5 (flux),energy 6 (MeV),f4 bin 6 (flux),f4 unc 6 (flux),energy 7 (MeV),f4 bin 7 (flux),f4 unc 7 (flux),energy 8 (MeV),f4 bin 8 (flux),f4 unc 8 (flux),energy 9 (MeV),f4 bin 9 (flux),f4 unc 9 (flux),energy 10 (MeV),f4 bin 10 (flux),f4 unc 10 (flux),energy 11 (MeV),f4 bin 11 (flux),f4 unc 11 (flux),energy 12 (MeV),f4 bin 12 (flux),f4 unc 12 (flux),energy 13 (MeV),f4 bin 13 (flux),f4 unc 13 (flux),energy 14 (MeV),f4 bin 14 (flux),f4 unc 14 (flux),energy 15 (MeV),f4 bin 15 (flux),f4 unc 15 (flux),energy 16 (MeV),f4 bin 16 (flux),f4 unc 16 (flux),energy 17 (MeV),f4 bin 17 (flux),f4 unc 17 (flux),energy 18 (MeV),f4 bin 18 (flux),f4 unc 18 (flux),energy 19 (MeV),f4 bin 19 (flux),f4 unc 19 (flux),energy 20 (MeV),f4 bin 20 (flux),f4 unc 20 (flux),energy 21 (MeV),f4 bin 21 (flux),f4 unc 21 (flux),energy 22 (MeV),f4 bin 22 (flux),f4 unc 22 (flux),energy 23 (MeV),f4 bin 23 (flux),f4 unc 23 (flux),energy 24 (MeV),f4 bin 24 (flux),f4 unc 24 (flux),energy 25 (MeV),f4 bin 25 (flux),f4 unc 25 (flux),energy 26 (MeV),f4 bin 26 (flux),f4 unc 26 (flux),energy 27 (MeV),f4 bin 27 (flux),f4 unc 27 (flux),energy 28 (MeV),f4 bin 28 (flux),f4 unc 28 (flux),energy 29 (MeV),f4 bin 29 (flux),f4 unc 29 (flux),energy 30 (MeV),f4 bin 30 (flux),f4 unc 30 (flux),energy 31 (MeV),f4 bin 31 (flux),f4 unc 31 (flux),energy 32 (MeV),f4 bin 32 (flux),f4 unc 32 (flux),energy 33 (MeV),f4 bin 33 (flux),f4 unc 33 (flux),energy 34 (MeV),f4 bin 34 (flux),f4 unc 34 (flux),energy 35 (MeV),f4 bin 35 (flux),f4 unc 35 (flux),energy 36 (MeV),f4 bin 36 (flux),f4 unc 36 (flux),energy 37 (MeV),f4 bin 37 (flux),f4 unc 37 (flux),energy 38 (MeV),f4 bin 38 (flux),f4 unc 38 (flux),energy 39 (MeV),f4 bin 39 (flux),f4 unc 39 (flux),energy 40 (MeV),f4 bin 40 (flux),f4 unc 40 (flux),energy 41 (MeV),f4 bin 41 (flux),f4 unc 41 (flux),energy 42 (MeV),f4 bin 42 (flux),f4 unc 42 (flux),energy 43 (MeV),f4 bin 43 (flux),f4 unc 43 (flux),energy 44 (MeV),f4 bin 44 (flux),f4 unc 44 (flux),energy 45 (MeV),f4 bin 45 (flux),f4 unc 45 (flux),energy 46 (MeV),f4 bin 46 (flux),f4 unc 46 (flux),energy 47 (MeV),f4 bin 47 (flux),f4 unc 47 (flux),energy 48 (MeV),f4 bin 48 (flux),f4 unc 48 (flux),energy 49 (MeV),f4 bin 49 (flux),f4 unc 49 (flux),energy 50 (MeV),f4 bin 50 (flux),f4 unc 50 (flux),energy 51 (MeV),f4 bin 51 (flux),f4 unc 51 (flux),energy 52 (MeV),f4 bin 52 (flux),f4 unc 52 (flux),energy 53 (MeV),f4 bin 53 (flux),f4 unc 53 (flux),energy 54 (MeV),f4 bin 54 (flux),f4 unc 54 (flux),energy 55 (MeV),f4 bin 55 (flux),f4 unc 55 (flux),energy 56 (MeV),f4 bin 56 (flux),f4 unc 56 (flux),energy 57 (MeV),f4 bin 57 (flux),f4 unc 57 (flux),energy 58 (MeV),f4 bin 58 (flux),f4 unc 58 (flux),energy 59 (MeV),f4 bin 59 (flux),f4 unc 59 (flux),energy 60 (MeV),f4 bin 60 (flux),f4 unc 60 (flux),energy 61 (MeV),f4 bin 61 (flux),f4 unc 61 (flux),energy 62 (MeV),f4 bin 62 (flux),f4 unc 62 (flux),energy 63 (MeV),f4 bin 63 (flux),f4 unc 63 (flux),energy 64 (MeV),f4 bin 64 (flux),f4 unc 64 (flux),energy 65 (MeV),f4 bin 65 (flux),f4 unc 65 (flux),energy 66 (MeV),f4 bin 66 (flux),f4 unc 66 (flux),energy 67 (MeV),f4 bin 67 (flux),f4 unc 67 (flux),energy 68 (MeV),f4 bin 68 (flux),f4 unc 68 (flux),energy 69 (MeV),f4 bin 69 (flux),f4 unc 69 (flux),energy 70 (MeV),f4 bin 70 (flux),f4 unc 70 (flux),energy 71 (MeV),f4 bin 71 (flux),f4 unc 71 (flux),energy 72 (MeV),f4 bin 72 (flux),f4 unc 72 (flux),energy 73 (MeV),f4 bin 73 (flux),f4 unc 73 (flux),energy 74 (MeV),f4 bin 74 (flux),f4 unc 74 (flux),energy 75 (MeV),f4 bin 75 (flux),f4 unc 75 (flux),energy 76 (MeV),f4 bin 76 (flux),f4 unc 76 (flux),energy 77 (MeV),f4 bin 77 (flux),f4 unc 77 (flux),energy 78 (MeV),f4 bin 78 (flux),f4 unc 78 (flux),energy 79 (MeV),f4 bin 79 (flux),f4 unc 79 (flux),energy 80 (MeV),f4 bin 80 (flux),f4 unc 80 (flux),energy 81 (MeV),f4 bin 81 (flux),f4 unc 81 (flux),energy 82 (MeV),f4 bin 82 (flux),f4 unc 82 (flux),energy 83 (MeV),f4 bin 83 (flux),f4 unc 83 (flux),energy 84 (MeV),f4 bin 84 (flux),f4 unc 84 (flux),energy 85 (MeV),f4 bin 85 (flux),f4 unc 85 (flux),energy 86 (MeV),f4 bin 86 (flux),f4 unc 86 (flux),energy 87 (MeV),f4 bin 87 (flux),f4 unc 87 (flux),energy 88 (MeV),f4 bin 88 (flux),f4 unc 88 (flux),energy 89 (MeV),f4 bin 89 (flux),f4 unc 89 (flux),energy 90 (MeV),f4 bin 90 (flux),f4 unc 90 (flux),energy 91 (MeV),f4 bin 91 (flux),f4 unc 91 (flux),energy 92 (MeV),f4 bin 92 (flux),f4 unc 92 (flux),energy 93 (MeV),f4 bin 93 (flux),f4 unc 93 (flux),energy 94 (MeV),f4 bin 94 (flux),f4 unc 94 (flux),energy 95 (MeV),f4 bin 95 (flux),f4 unc 95 (flux),energy 96 (MeV),f4 bin 96 (flux),f4 unc 96 (flux),energy 97 (MeV),f4 bin 97 (flux),f4 unc 97 (flux),energy 98 (MeV),f4 bin 98 (flux),f4 unc 98 (flux),energy 99 (MeV),f4 bin 99 (flux),f4 unc 99 (flux),energy 100 (MeV),f4 bin 100 (flux),f4 unc 100 (flux),energy 101 (MeV),f4 bin 101 (flux),f4 unc 101 (flux),energy 102 (MeV),f4 bin 102 (flux),f4 unc 102 (flux),energy 103 (MeV),f4 bin 103 (flux),f4 unc 103 (flux),energy 104 (MeV),f4 bin 104 (flux),f4 unc 104 (flux),energy 105 (MeV),f4 bin 105 (flux),f4 unc 105 (flux),energy 106 (MeV),f4 bin 106 (flux),f4 unc 106 (flux),energy 107 (MeV),f4 bin 107 (flux),f4 unc 107 (flux),energy 108 (MeV),f4 bin 108 (flux),f4 unc 108 (flux)
114,safe rod poison (5 W),3.34271E+02,6.2500E-07,4.72341E+05,0.0081,1.0000E-03,4.50966E+06,0.0086,2.0000E+01,2.18095E+07,0.0050,,,,,,,,,,,,,,,,,,,,,,,,,,,,,,,,,,,,,,,,,,,,,,,,,,,,,,,,,,,,,,,,,,,,,,,,,,,,,,,,,,,,,,,,,,,,,,,,,,,,,,,,,,,,,,,,,,,,,,,,,,,,,,,,,,,,,,,,,,,,,,,,,,,,,,,,,,,,,,,,,,,,,,,,,,,,,,,,,,,,,,,,,,,,,,,,,,,,,,,,,,,,,,,,,,,,,,,,,,,,,,,,,,,,,,,,,,,,,,,,,,,,,,,,,,,,,,,,,,,,,,,,,,,,,,,,,,,,,,,,,,,,,,,,,,,,,,,,,,,,,,,,,,,,,,,,,,,
124,shim rod poison (5 W),3.34271E+02,6.2500E-07,5.05652E+05,0.0078,1.0000E-03,4.87355E+06,0.0082,2.0000E+01,2.37959E+07,0.0048,,,,,,,,,,,,,,,,,,,,,,,,,,,,,,,,,,,,,,,,,,,,,,,,,,,,,,,,,,,,,,,,,,,,,,,,,,,,,,,,,,,,,,,,,,,,,,,,,,,,,,,,,,,,,,,,,,,,,,,,,,,,,,,,,,,,,,,,,,,,,,,,,,,,,,,,,,,,,,,,,,,,,,,,,,,,,,,,,,,,,,,,,,,,,,,,,,,,,,,,,,,,,,,,,,,,,,,,,,,,,,,,,,,,,,,,,,,,,,,,,,,,,,,,,,,,,,,,,,,,,,,,,,,,,,,,,,,,,,,,,,,,,,,,,,,,,,,,,,,,,,,,,,,,,,,,,,,
134,reg rod poison (5 W),3.34271E+02,6.2500E-07,3.97979E+05,0.0088,1.0000E-03,3.72178E+06,0.0095,2.0000E+01,1.74547E+07,0.0055,,,,,,,,,,,,,,,,,,,,,,,,,,,,,,,,,,,,,,,,,,,,,,,,,,,,,,,,,,,,,,,,,,,,,,,,,,,,,,,,,,,,,,,,,,,,,,,,,,,,,,,,,,,,,,,,,,,,,,,,,,,,,,,,,,,,,,,,,,,,,,,,,,,,,,,,,,,,,,,,,,,,,,,,,,,,,,,,,,,,,,,,,,,,,,,,,,,,,,,,,,,,,,,,,,,,,,,,,,,,,,,,,,,,,,,,,,,,,,,,,,,,,,,,,,,,,,,,,,,,,,,,,,,,,,,,,,,,,,,,,,,,,,,,,,,,,,,,,,,,,,,,,,,,,,,,,,,
204,rabbit inner vial (5 W),1.79156E+00,6.2500E-07,5.94944E+07,0.0177,1.0000E-03,2.42620E+07,0.0299,2.0000E+01,5.98647E+07,0.0192,,,,,,,,,,,,,,,,,,,,,,,,,,,,,,,,,,,,,,,,,,,,,,,,,,,,,,,,,,,,,,,,,,,,,,,,,,,,,,,,,,,,,,,,,,,,,,,,,,,,,,,,,,,,,,,,,,,,,,,,,,,,,,,,,,,,,,,,,,,,,,,,,,,,,,,,,,,,,,,,,,,,,,,,,,,,,,,,,,,,,,,,,,,,,,,,,,,,,,,,,,,,,,,,,,,,,,,,,,,,,,,,,,,,,,,,,,,,,,,,,,,,,,,,,,,,,,,,,,,,,,,,,,,,,,,,,,,,,,,,,,,,,,,,,,,,,,,,,,,,,,,,,,,,,,,,,,,
214,ls 1 triga tube (5 W),2.21913E+02,6.2500E-07,1.82917E+07,0.0058,1.0000E-03,6.52081E+06,0.0111,2.0000E+01,1.21210E+07,0.0082,,,,,,,,,,,,,,,,,,,,,,,,,,,,,,,,,,,,,,,,,,,,,,,,,,,,,,,,,,,,,,,,,,,,,,,,,,,,,,,,,,,,,,,,,,,,,,,,,,,,,,,,,,,,,,,,,,,,,,,,,,,,,,,,,,,,,,,,,,,,,,,,,,,,,,,,,,,,,,,,,,,,,,,,,,,,,,,,,,,,,,,,,,,,,,,,,,,,,,,,,,,,,,,,,,,,,,,,,,,,,,,,,,,,,,,,,,,,,,,,,,,,,,,,,,,,,,,,,,,,,,,,,,,,,,,,,,,,,,,,,,,,,,,,,,,,,,,,,,,,,,,,,,,,,,,,,,,
224,ls 11 triga tube (5 W),2.21913E+02,6.2500E-07,1.82513E+07,0.0056,1.0000E-03,5.56998E+06,0.0120,2.0000E+01,9.88663E+06,0.0090,,,,,,,,,,,,,,,,,,,,,,,,,,,,,,,,,,,,,,,,,,,,,,,,,,,,,,,,,,,,,,,,,,,,,,,,,,,,,,,,,,,,,,,,,,,,,,,,,,,,,,,,,,,,,,,,,,,,,,,,,,,,,,,,,,,,,,,,,,,,,,,,,,,,,,,,,,,,,,,,,,,,,,,,,,,,,,,,,,,,,,,,,,,,,,,,,,,,,,,,,,,,,,,,,,,,,,,,,,,,,,,,,,,,,,,,,,,,,,,,,,,,,,,,,,,,,,,,,,,,,,,,,,,,,,,,,,,,,,,,,,,,,,,,,,,,,,,,,,,,,,,,,,,,,,,,,,,
234,ls 21 triga tube (5 W),2.02774E+02,6.2500E-07,1.77395E+07,0.0059,1.0000E-03,6.19902E+06,0.0116,2.0000E+01,1.17895E+07,0.0086,,,,,,,,,,,,,,,,,,,,,,,,,,,,,,,,,,,,,,,,,,,,,,,,,,,,,,,,,,,,,,,,,,,,,,,,,,,,,,,,,,,,,,,,,,,,,,,,,,,,,,,,,,,,,,,,,,,,,,,,,,,,,,,,,,,,,,,,,,,,,,,,,,,,,,,,,,,,,,,,,,,,,,,,,,,,,,,,,,,,,,,,,,,,,,,,,,,,,,,,,,,,,,,,,,,,,,,,,,,,,,,,,,,,,,,,,,,,,,,,,,,,,,,,,,,,,,,,,,,,,,,,,,,,,,,,,,,,,,,,,,,,,,,,,,,,,,,,,,,,,,,,,,,,,,,,,,,
244,ls 31 triga tube (5 W),2.02774E+02,6.2500E-07,1.93159E+07,0.0056,1.0000E-03,6.74004E+06,0.0112,2.0000E+01,1.19760E+07,0.0084,,,,,,,,,,,,,,,,,,,,,,,,,,,,,,,,,,,,,,,,,,,,,,,,,,,,,,,,,,,,,,,,,,,,,,,,,,,,,,,,,,,,,,,,,,,,,,,,,,,,,,,,,,,,,,,,,,,,,,,,,,,,,,,,,,,,,,,,,,,,,,,,,,,,,,,,,,,,,,,,,,,,,,,,,,,,,,,,,,,,,,,,,,,,,,,,,,,,,,,,,,,,,,,,,,,,,,,,,,,,,,,,,,,,,,,,,,,,,,,,,,,,,,,,,,,,,,,,,,,,,,,,,,,,,,,,,,,,,,,,,,,,,,,,,,,,,,,,,,,,,,,,,,,,,,,,,,,
314,linear channel (5 W),1.07644E+04,6.2500E-07,2.04006E+06,0.0071,1.0000E-03,2.39770E+05,0.0168,2.0000E+01,2.56744E+05,0.0167,,,,,,,,,,,,,,,,,,,,,,,,,,,,,,,,,,,,,,,,,,,,,,,,,,,,,,,,,,,,,,,,,,,,,,,,,,,,,,,,,,,,,,,,,,,,,,,,,,,,,,,,,,,,,,,,,,,,,,,,,,,,,,,,,,,,,,,,,,,,,,,,,,,,,,,,,,,,,,,,,,,,,,,,,,,,,,,,,,,,,,,,,,,,,,,,,,,,,,,,,,,,,,,,,,,,,,,,,,,,,,,,,,,,,,,,,,,,,,,,,,,,,,,,,,,,,,,,,,,,,,,,,,,,,,,,,,,,,,,,,,,,,,,,,,,,,,,,,,,,,,,,,,,,,,,,,,,
324,percent channel (5 W),1.07644E+04,6.2500E-07,1.89215E+06,0.0073,1.0000E-03,2.23071E+05,0.0172,2.0000E+01,2.34118E+05,0.0173,,,,,,,,,,,,,,,,,,,,,,,,,,,,,,,,,,,,,,,,,,,,,,,,,,,,,,,,,,,,,,,,,,,,,,,,,,,,,,,,,,,,,,,,,,,,,,,,,,,,,,,,,,,,,,,,,,,,,,,,,,,,,,,,,,,,,,,,,,,,,,,,,,,,,,,,,,,,,,,,,,,,,,,,,,,,,,,,,,,,,,,,,,,,,,,,,,,,,,,,,,,,,,,,,,,,,,,,,,,,,,,,,,,,,,,,,,,,,,,,,,,,,,,,,,,,,,,,,,,,,,,,,,,,,,,,,,,,,,,,,,,,,,,,,,,,,,,,,,,,,,,,,,,,,,,,,,,
334,log channel (5 W),1.07644E+04,6.2500E-07,2.01192E+06,0.0071,1.0000E-03,2.41953E+05,0.0169,2.0000E+01,2.60602E+05,0.0165,,,,,,,,,,,,,,,,,,,,,,,,,,,,,,,,,,,,,,,,,,,,,,,,,,,,,,,,,,,,,,,,,,,,,,,,,,,,,,,,,,,,,,,,,,,,,,,,,,,,,,,,,,,,,,,,,,,,,,,,,,,,,,,,,,,,,,,,,,,,,,,,,,,,,,,,,,,,,,,,,,,,,,,,,,,,,,,,,,,,,,,,,,,,,,,,,,,,,,,,,,,,,,,,,,,,,,,,,,,,,,,,,,,,,,,,,,,,,,,,,,,,,,,,,,,,,,,,,,,,,,,,,,,,,,,,,,,,,,,,,,,,,,,,,,,,,,,,,,,,,,,,,,,,,,,,,,,
344,empty channel (5 W),4.78417E+03,6.2500E-07,3.25376E+06,0.0070,1.0000E-03,3.65918E+05,0.0166,2.0000E+01,3.88166E+05,0.0164,,,,,,,,,,,,,,,,,,,,,,,,,,,,,,,,,,,,,,,,,,,,,,,,,,,,,,,,,,,,,,,,,,,,,,,,,,,,,,,,,,,,,,,,,,,,,,,,,,,,,,,,,,,,,,,,,,,,,,,,,,,,,,,,,,,,,,,,,,,,,,,,,,,,,,,,,,,,,,,,,,,,,,,,,,,,,,,,,,,,,,,,,,,,,,,,,,,,,,,,,,,,,,,,,,,,,,,,,,,,,,,,,,,,,,,,,,,,,,,,,,,,,,,,,,,,,,,,,,,,,,,,,,,,,,,,,,,,,,,,,,,,,,,,,,,,,,,,,,,,,,,,,,,,,,,,,,,
1114,safe rod poison (250 kW),3.34271E+02,6.2500E-07,2.36170E+10,0.0081,1.0000E-03,2.25483E+11,0.0086,2.0000E+01,1.09048E+12,0.0050,,,,,,,,,,,,,,,,,,,,,,,,,,,,,,,,,,,,,,,,,,,,,,,,,,,,,,,,,,,,,,,,,,,,,,,,,,,,,,,,,,,,,,,,,,,,,,,,,,,,,,,,,,,,,,,,,,,,,,,,,,,,,,,,,,,,,,,,,,,,,,,,,,,,,,,,,,,,,,,,,,,,,,,,,,,,,,,,,,,,,,,,,,,,,,,,,,,,,,,,,,,,,,,,,,,,,,,,,,,,,,,,,,,,,,,,,,,,,,,,,,,,,,,,,,,,,,,,,,,,,,,,,,,,,,,,,,,,,,,,,,,,,,,,,,,,,,,,,,,,,,,,,,,,,,,,,,,
1124,shim rod poison (250 kW),3.34271E+02,6.2500E-07,2.52826E+10,0.0078,1.0000E-03,2.43678E+11,0.0082,2.0000E+01,1.18979E+12,0.0048,,,,,,,,,,,,,,,,,,,,,,,,,,,,,,,,,,,,,,,,,,,,,,,,,,,,,,,,,,,,,,,,,,,,,,,,,,,,,,,,,,,,,,,,,,,,,,,,,,,,,,,,,,,,,,,,,,,,,,,,,,,,,,,,,,,,,,,,,,,,,,,,,,,,,,,,,,,,,,,,,,,,,,,,,,,,,,,,,,,,,,,,,,,,,,,,,,,,,,,,,,,,,,,,,,,,,,,,,,,,,,,,,,,,,,,,,,,,,,,,,,,,,,,,,,,,,,,,,,,,,,,,,,,,,,,,,,,,,,,,,,,,,,,,,,,,,,,,,,,,,,,,,,,,,,,,,,,
1134,reg rod poison (250 kW),3.34271E+02,6.2500E-07,1.98990E+10,0.0088,1.0000E-03,1.86089E+11,0.0095,2.0000E+01,8.72736E+11,0.0055,,,,,,,,,,,,,,,,,,,,,,,,,,,,,,,,,,,,,,,,,,,,,,,,,,,,,,,,,,,,,,,,,,,,,,,,,,,,,,,,,,,,,,,,,,,,,,,,,,,,,,,,,,,,,,,,,,,,,,,,,,,,,,,,,,,,,,,,,,,,,,,,,,,,,,,,,,,,,,,,,,,,,,,,,,,,,,,,,,,,,,,,,,,,,,,,,,,,,,,,,,,,,,,,,,,,,,,,,,,,,,,,,,,,,,,,,,,,,,,,,,,,,,,,,,,,,,,,,,,,,,,,,,,,,,,,,,,,,,,,,,,,,,,,,,,,,,,,,,,,,,,,,,,,,,,,,,,
1204,rabbit inner vial (250 kW),1.79156E+00,6.2500E-07,2.97472E+12,0.0177,1.0000E-03,1.21310E+12,0.0299,2.0000E+01,2.99324E+12,0.0192,,,,,,,,,,,,,,,,,,,,,,,,,,,,,,,,,,,,,,,,,,,,,,,,,,,,,,,,,,,,,,,,,,,,,,,,,,,,,,,,,,,,,,,,,,,,,,,,,,,,,,,,,,,,,,,,,,,,,,,,,,,,,,,,,,,,,,,,,,,,,,,,,,,,,,,,,,,,,,,,,,,,,,,,,,,,,,,,,,,,,,,,,,,,,,,,,,,,,,,,,,,,,,,,,,,,,,,,,,,,,,,,,,,,,,,,,,,,,,,,,,,,,,,,,,,,,,,,,,,,,,,,,,,,,,,,,,,,,,,,,,,,,,,,,,,,,,,,,,,,,,,,,,,,,,,,,,,
1214,ls 1 triga tube (250 kW),2.21913E+02,6.2500E-07,9.14587E+11,0.0058,1.0000E-03,3.26041E+11,0.0111,2.0000E+01,6.06050E+11,0.0082,,,,,,,,,,,,,,,,,,,,,,,,,,,,,,,,,,,,,,,,,,,,,,,,,,,,,,,,,,,,,,,,,,,,,,,,,,,,,,,,,,,,,,,,,,,,,,,,,,,,,,,,,,,,,,,,,,,,,,,,,,,,,,,,,,,,,,,,,,,,,,,,,,,,,,,,,,,,,,,,,,,,,,,,,,,,,,,,,,,,,,,,,,,,,,,,,,,,,,,,,,,,,,,,,,,,,,,,,,,,,,,,,,,,,,,,,,,,,,,,,,,,,,,,,,,,,,,,,,,,,,,,,,,,,,,,,,,,,,,,,,,,,,,,,,,,,,,,,,,,,,,,,,,,,,,,,,,
1224,ls 11 triga tube (250 kW),2.21913E+02,6.2500E-07,9.12565E+11,0.0056,1.0000E-03,2.78499E+11,0.0120,2.0000E+01,4.94332E+11,0.0090,,,,,,,,,,,,,,,,,,,,,,,,,,,,,,,,,,,,,,,,,,,,,,,,,,,,,,,,,,,,,,,,,,,,,,,,,,,,,,,,,,,,,,,,,,,,,,,,,,,,,,,,,,,,,,,,,,,,,,,,,,,,,,,,,,,,,,,,,,,,,,,,,,,,,,,,,,,,,,,,,,,,,,,,,,,,,,,,,,,,,,,,,,,,,,,,,,,,,,,,,,,,,,,,,,,,,,,,,,,,,,,,,,,,,,,,,,,,,,,,,,,,,,,,,,,,,,,,,,,,,,,,,,,,,,,,,,,,,,,,,,,,,,,,,,,,,,,,,,,,,,,,,,,,,,,,,,,
1234,ls 21 triga tube (250 kW),2.02774E+02,6.2500E-07,8.86973E+11,0.0059,1.0000E-03,3.09951E+11,0.0116,2.0000E+01,5.89476E+11,0.0086,,,,,,,,,,,,,,,,,,,,,,,,,,,,,,,,,,,,,,,,,,,,,,,,,,,,,,,,,,,,,,,,,,,,,,,,,,,,,,,,,,,,,,,,,,,,,,,,,,,,,,,,,,,,,,,,,,,,,,,,,,,,,,,,,,,,,,,,,,,,,,,,,,,,,,,,,,,,,,,,,,,,,,,,,,,,,,,,,,,,,,,,,,,,,,,,,,,,,,,,,,,,,,,,,,,,,,,,,,,,,,,,,,,,,,,,,,,,,,,,,,,,,,,,,,,,,,,,,,,,,,,,,,,,,,,,,,,,,,,,,,,,,,,,,,,,,,,,,,,,,,,,,,,,,,,,,,,
1244,ls 31 triga tube (250 kW),2.02774E+02,6.2500E-07,9.65797E+11,0.0056,1.0000E-03,3.37002E+11,0.0112,2.0000E+01,5.98802E+11,0.0084,,,,,,,,,,,,,,,,,,,,,,,,,,,,,,,,,,,,,,,,,,,,,,,,,,,,,,,,,,,,,,,,,,,,,,,,,,,,,,,,,,,,,,,,,,,,,,,,,,,,,,,,,,,,,,,,,,,,,,,,,,,,,,,,,,,,,,,,,,,,,,,,,,,,,,,,,,,,,,,,,,,,,,,,,,,,,,,,,,,,,,,,,,,,,,,,,,,,,,,,,,,,,,,,,,,,,,,,,,,,,,,,,,,,,,,,,,,,,,,,,,,,,,,,,,,,,,,,,,,,,,,,,,,,,,,,,,,,,,,,,,,,,,,,,,,,,,,,,,,,,,,,,,,,,,,,,,,
1314,linear channel (250 kW),1.07644E+04,6.2500E-07,1.02003E+11,0.0071,1.0000E-03,1.19885E+10,0.0168,2.0000E+01,1.28372E+10,0.0167,,,,,,,,,,,,,,,,,,,,,,,,,,,,,,,,,,,,,,,,,,,,,,,,,,,,,,,,,,,,,,,,,,,,,,,,,,,,,,,,,,,,,,,,,,,,,,,,,,,,,,,,,,,,,,,,,,,,,,,,,,,,,,,,,,,,,,,,,,,,,,,,,,,,,,,,,,,,,,,,,,,,,,,,,,,,,,,,,,,,,,,,,,,,,,,,,,,,,,,,,,,,,,,,,,,,,,,,,,,,,,,,,,,,,,,,,,,,,,,,,,,,,,,,,,,,,,,,,,,,,,,,,,,,,,,,,,,,,,,,,,,,,,,,,,,,,,,,,,,,,,,,,,,,,,,,,,,
1324,percent channel (250 kW),1.07644E+04,6.2500E-07,9.46075E+10,0.0073,1.0000E-03,1.11536E+10,0.0172,2.0000E+01,1.17059E+10,0.0173,,,,,,,,,,,,,,,,,,,,,,,,,,,,,,,,,,,,,,,,,,,,,,,,,,,,,,,,,,,,,,,,,,,,,,,,,,,,,,,,,,,,,,,,,,,,,,,,,,,,,,,,,,,,,,,,,,,,,,,,,,,,,,,,,,,,,,,,,,,,,,,,,,,,,,,,,,,,,,,,,,,,,,,,,,,,,,,,,,,,,,,,,,,,,,,,,,,,,,,,,,,,,,,,,,,,,,,,,,,,,,,,,,,,,,,,,,,,,,,,,,,,,,,,,,,,,,,,,,,,,,,,,,,,,,,,,,,,,,,,,,,,,,,,,,,,,,,,,,,,,,,,,,,,,,,,,,,
1334,log channel (250 kW),1.07644E+04,6.2500E-07,1.00596E+11,0.0071,1.0000E-03,1.20977E+10,0.0169,2.0000E+01,1.30301E+10,0.0165,,,,,,,,,,,,,,,,,,,,,,,,,,,,,,,,,,,,,,,,,,,,,,,,,,,,,,,,,,,,,,,,,,,,,,,,,,,,,,,,,,,,,,,,,,,,,,,,,,,,,,,,,,,,,,,,,,,,,,,,,,,,,,,,,,,,,,,,,,,,,,,,,,,,,,,,,,,,,,,,,,,,,,,,,,,,,,,,,,,,,,,,,,,,,,,,,,,,,,,,,,,,,,,,,,,,,,,,,,,,,,,,,,,,,,,,,,,,,,,,,,,,,,,,,,,,,,,,,,,,,,,,,,,,,,,,,,,,,,,,,,,,,,,,,,,,,,,,,,,,,,,,,,,,,,,,,,,
1344,empty channel (250 kW),4.78417E+03,6.2500E-07,1.62688E+11,0.0070,1.0000E-03,1.82959E+10,0.0166,2.0000E+01,1.94083E+10,0.0164,,,,,,,,,,,,,,,,,,,,,,,,,,,,,,,,,,,,,,,,,,,,,,,,,,,,,,,,,,,,,,,,,,,,,,,,,,,,,,,,,,,,,,,,,,,,,,,,,,,,,,,,,,,,,,,,,,,,,,,,,,,,,,,,,,,,,,,,,,,,,,,,,,,,,,,,,,,,,,,,,,,,,,,,,,,,,,,,,,,,,,,,,,,,,,,,,,,,,,,,,,,,,,,,,,,,,,,,,,,,,,,,,,,,,,,,,,,,,,,,,,,,,,,,,,,,,,,,,,,,,,,,,,,,,,,,,,,,,,,,,,,,,,,,,,,,,,,,,,,,,,,,,,,,,,,,,,,
2114,safe rod poison (5 W spectrum),3.34271E+02,1.0000E-08,3.77914E+03,0.0388,2.0000E-08,1.56531E+04,0.0242,3.0000E-08,2.43101E+04,0.0219,4.0000E-08,3.13556E+04,0.0208,5.0000E-08,3.26902E+04,0.0214,6.0000E-08,3.44834E+04,0.0230,7.0000E-08,3.18041E+04,0.0256,8.0000E-08,2.63029E+04,0.0277,9.0000E-08,2.39540E+04,0.0307,1.0000E-07,2.08234E+04,0.0338,2.0000E-07,9.93392E+04,0.0175,3.0000E-07,4.13805E+04,0.0336,4.0000E-07,2.95891E+04,0.0415,5.0000E-07,2.69544E+04,0.0463,6.0000E-07,2.45643E+04,0.0514,7.0000E-07,2.07893E+04,0.0566,8.0000E-07,1.95059E+04,0.0622,9.0000E-07,1.93576E+04,0.0620,1.0000E-06,1.84234E+04,0.0631,2.0000E-06,1.37931E+05,0.0276,3.0000E-06,1.03132E+05,0.0345,4.0000E-06,9.04045E+04,0.0402,5.0000E-06,7.27766E+04,0.0425,6.0000E-06,6.35511E+04,0.0467,7.0000E-06,5.58393E+04,0.0524,8.0000E-06,5.07644E+04,0.0535,9.0000E-06,4.51652E+04,0.0572,1.0000E-05,4.59723E+04,0.0583,2.0000E-05,3.46340E+05,0.0246,3.0000E-05,2.54783E+05,0.0296,4.0000E-05,1.90182E+05,0.0341,5.0000E-05,1.55495E+05,0.0374,6.0000E-05,1.32131E+05,0.0408,7.0000E-05,1.15938E+05,0.0439,8.0000E-05,1.00585E+05,0.0479,9.0000E-05,9.45403E+04,0.0488,1.0000E-04,8.29952E+04,0.0512,2.0000E-04,6.35200E+05,0.0220,3.0000E-04,4.06944E+05,0.0267,4.0000E-04,2.85892E+05,0.0308,5.0000E-04,2.21415E+05,0.0342,6.0000E-04,1.91847E+05,0.0366,7.0000E-04,1.57113E+05,0.0394,8.0000E-04,1.51068E+05,0.0406,9.0000E-04,1.29749E+05,0.0438,1.0000E-03,1.19188E+05,0.0455,2.0000E-03,7.78631E+05,0.0212,3.0000E-03,4.73063E+05,0.0259,4.0000E-03,3.42777E+05,0.0292,5.0000E-03,2.61896E+05,0.0320,6.0000E-03,2.28917E+05,0.0344,7.0000E-03,1.82525E+05,0.0374,8.0000E-03,1.76666E+05,0.0383,9.0000E-03,1.58604E+05,0.0410,1.0000E-02,1.32681E+05,0.0446,2.0000E-02,9.11924E+05,0.0200,3.0000E-02,5.92246E+05,0.0235,4.0000E-02,4.22200E+05,0.0269,5.0000E-02,3.64800E+05,0.0279,6.0000E-02,3.17982E+05,0.0296,7.0000E-02,2.73714E+05,0.0316,8.0000E-02,2.61097E+05,0.0331,9.0000E-02,2.19070E+05,0.0345,1.0000E-01,2.03050E+05,0.0365,2.0000E-01,1.61265E+06,0.0156,3.0000E-01,1.20268E+06,0.0170,4.0000E-01,9.68706E+05,0.0186,5.0000E-01,7.49020E+05,0.0205,6.0000E-01,7.83836E+05,0.0202,7.0000E-01,7.11084E+05,0.0217,8.0000E-01,6.91681E+05,0.0221,9.0000E-01,5.94960E+05,0.0230,1.0000E+00,5.20720E+05,0.0245,2.0000E+00,3.69409E+06,0.0107,3.0000E+00,2.04206E+06,0.0140,4.0000E+00,8.98879E+05,0.0205,5.0000E+00,5.12577E+05,0.0273,6.0000E+00,2.76913E+05,0.0380,7.0000E+00,1.25738E+05,0.0545,8.0000E+00,6.46130E+04,0.0752,9.0000E+00,3.12506E+04,0.1077,1.0000E+01,1.69641E+04,0.1516,2.0000E+01,9.28280E+03,0.1790,3.0000E+01,0.00000E+00,0.0000,4.0000E+01,0.00000E+00,0.0000,5.0000E+01,0.00000E+00,0.0000,6.0000E+01,0.00000E+00,0.0000,7.0000E+01,0.00000E+00,0.0000,8.0000E+01,0.00000E+00,0.0000,9.0000E+01,0.00000E+00,0.0000,1.0000E+02,0.00000E+00,0.0000,2.0000E+02,0.00000E+00,0.0000,3.0000E+02,0.00000E+00,0.0000,4.0000E+02,0.00000E+00,0.0000,5.0000E+02,0.00000E+00,0.0000,6.0000E+02,0.00000E+00,0.0000,7.0000E+02,0.00000E+00,0.0000,8.0000E+02,0.00000E+00,0.0000,9.0000E+02,0.00000E+00,0.0000,1.0000E+03,0.00000E+00,0.0000,2.0000E+03,0.00000E+00,0.0000,3.0000E+03,0.00000E+00,0.0000,4.0000E+03,0.00000E+00,0.0000,5.0000E+03,0.00000E+00,0.0000,6.0000E+03,0.00000E+00,0.0000,7.0000E+03,0.00000E+00,0.0000,8.0000E+03,0.00000E+00,0.0000,9.0000E+03,0.00000E+00,0.0000
2124,shim rod poison (5 W spectrum),3.34271E+02,1.0000E-08,4.15827E+03,0.0384,2.0000E-08,1.65849E+04,0.0235,3.0000E-08,2.62879E+04,0.0208,4.0000E-08,3.28876E+04,0.0203,5.0000E-08,3.49703E+04,0.0211,6.0000E-08,3.50990E+04,0.0222,7.0000E-08,3.20498E+04,0.0240,8.0000E-08,2.79917E+04,0.0267,9.0000E-08,2.53534E+04,0.0294,1.0000E-07,2.45256E+04,0.0316,2.0000E-07,1.09551E+05,0.0167,3.0000E-07,4.46802E+04,0.0317,4.0000E-07,3.29042E+04,0.0401,5.0000E-07,2.66773E+04,0.0471,6.0000E-07,2.54566E+04,0.0501,7.0000E-07,2.22312E+04,0.0552,8.0000E-07,2.10405E+04,0.0598,9.0000E-07,1.99578E+04,0.0634,1.0000E-06,1.78018E+04,0.0683,2.0000E-06,1.53965E+05,0.0258,3.0000E-06,1.07028E+05,0.0335,4.0000E-06,9.08197E+04,0.0392,5.0000E-06,7.69060E+04,0.0428,6.0000E-06,6.91941E+04,0.0467,7.0000E-06,5.81283E+04,0.0498,8.0000E-06,5.48938E+04,0.0551,9.0000E-06,5.62799E+04,0.0541,1.0000E-05,5.30147E+04,0.0544,2.0000E-05,3.74675E+05,0.0239,3.0000E-05,2.61125E+05,0.0291,4.0000E-05,2.09633E+05,0.0326,5.0000E-05,1.64204E+05,0.0364,6.0000E-05,1.58643E+05,0.0373,7.0000E-05,1.25828E+05,0.0407,8.0000E-05,1.19436E+05,0.0420,9.0000E-05,1.04767E+05,0.0457,1.0000E-04,9.63111E+04,0.0480,2.0000E-04,6.56797E+05,0.0215,3.0000E-04,4.29660E+05,0.0256,4.0000E-04,3.18781E+05,0.0289,5.0000E-04,2.53206E+05,0.0324,6.0000E-04,1.95937E+05,0.0352,7.0000E-04,1.92884E+05,0.0361,8.0000E-04,1.56946E+05,0.0398,9.0000E-04,1.32897E+05,0.0426,1.0000E-03,1.27035E+05,0.0430,2.0000E-03,8.67742E+05,0.0202,3.0000E-03,5.33084E+05,0.0243,4.0000E-03,3.84358E+05,0.0275,5.0000E-03,3.01807E+05,0.0310,6.0000E-03,2.45207E+05,0.0331,7.0000E-03,2.14181E+05,0.0352,8.0000E-03,1.70858E+05,0.0381,9.0000E-03,1.63076E+05,0.0399,1.0000E-02,1.44466E+05,0.0428,2.0000E-02,1.00371E+06,0.0191,3.0000E-02,6.60216E+05,0.0224,4.0000E-02,4.54496E+05,0.0254,5.0000E-02,3.97155E+05,0.0271,6.0000E-02,3.32905E+05,0.0298,7.0000E-02,3.08369E+05,0.0305,8.0000E-02,2.78326E+05,0.0315,9.0000E-02,2.25471E+05,0.0338,1.0000E-01,2.14845E+05,0.0351,2.0000E-01,1.74475E+06,0.0149,3.0000E-01,1.29112E+06,0.0164,4.0000E-01,1.07514E+06,0.0174,5.0000E-01,8.79533E+05,0.0190,6.0000E-01,8.24198E+05,0.0197,7.0000E-01,7.73344E+05,0.0206,8.0000E-01,7.17273E+05,0.0212,9.0000E-01,6.34895E+05,0.0223,1.0000E+00,5.81665E+05,0.0238,2.0000E+00,4.10170E+06,0.0102,3.0000E+00,2.14097E+06,0.0136,4.0000E+00,9.86275E+05,0.0198,5.0000E+00,5.57051E+05,0.0262,6.0000E+00,3.10772E+05,0.0367,7.0000E+00,1.42043E+05,0.0529,8.0000E+00,6.70240E+04,0.0772,9.0000E+00,3.20209E+04,0.1105,1.0000E+01,1.62813E+04,0.1615,2.0000E+01,1.95540E+04,0.1587,3.0000E+01,0.00000E+00,0.0000,4.0000E+01,0.00000E+00,0.0000,5.0000E+01,0.00000E+00,0.0000,6.0000E+01,0.00000E+00,0.0000,7.0000E+01,0.00000E+00,0.0000,8.0000E+01,0.00000E+00,0.0000,9.0000E+01,0.00000E+00,0.0000,1.0000E+02,0.00000E+00,0.0000,2.0000E+02,0.00000E+00,0.0000,3.0000E+02,0.00000E+00,0.0000,4.0000E+02,0.00000E+00,0.0000,5.0000E+02,0.00000E+00,0.0000,6.0000E+02,0.00000E+00,0.0000,7.0000E+02,0.00000E+00,0.0000,8.0000E+02,0.00000E+00,0.0000,9.0000E+02,0.00000E+00,0.0000,1.0000E+03,0.00000E+00,0.0000,2.0000E+03,0.00000E+00,0.0000,3.0000E+03,0.00000E+00,0.0000,4.0000E+03,0.00000E+00,0.0000,5.0000E+03,0.00000E+00,0.0000,6.0000E+03,0.00000E+00,0.0000,7.0000E+03,0.00000E+00,0.0000,8.0000E+03,0.00000E+00,0.0000,9.0000E+03,0.00000E+00,0.0000
2134,reg rod poison (5 W spectrum),3.34271E+02,1.0000E-08,3.30721E+03,0.0418,2.0000E-08,1.29687E+04,0.0262,3.0000E-08,2.02875E+04,0.0234,4.0000E-08,2.60436E+04,0.0230,5.0000E-08,2.77315E+04,0.0235,6.0000E-08,2.72895E+04,0.0251,7.0000E-08,2.65367E+04,0.0264,8.0000E-08,2.27486E+04,0.0300,9.0000E-08,2.00720E+04,0.0329,1.0000E-07,1.81344E+04,0.0384,2.0000E-07,8.49143E+04,0.0192,3.0000E-07,3.31232E+04,0.0363,4.0000E-07,2.67881E+04,0.0441,5.0000E-07,2.23197E+04,0.0501,6.0000E-07,2.02912E+04,0.0555,7.0000E-07,1.91100E+04,0.0611,8.0000E-07,1.74556E+04,0.0652,9.0000E-07,1.60086E+04,0.0709,1.0000E-06,1.45149E+04,0.0816,2.0000E-06,1.15908E+05,0.0297,3.0000E-06,8.79320E+04,0.0372,4.0000E-06,6.52811E+04,0.0451,5.0000E-06,5.95886E+04,0.0478,6.0000E-06,4.82760E+04,0.0550,7.0000E-06,4.19199E+04,0.0590,8.0000E-06,4.31269E+04,0.0624,9.0000E-06,3.79634E+04,0.0623,1.0000E-05,4.14109E+04,0.0610,2.0000E-05,2.85563E+05,0.0273,3.0000E-05,1.91482E+05,0.0345,4.0000E-05,1.46655E+05,0.0387,5.0000E-05,1.26561E+05,0.0410,6.0000E-05,1.09950E+05,0.0451,7.0000E-05,1.01593E+05,0.0456,8.0000E-05,8.39743E+04,0.0509,9.0000E-05,7.70674E+04,0.0540,1.0000E-04,7.60613E+04,0.0549,2.0000E-04,5.41553E+05,0.0237,3.0000E-04,3.28526E+05,0.0296,4.0000E-04,2.38304E+05,0.0341,5.0000E-04,1.93744E+05,0.0375,6.0000E-04,1.59830E+05,0.0399,7.0000E-04,1.26511E+05,0.0439,8.0000E-04,1.26182E+05,0.0456,9.0000E-04,1.08569E+05,0.0491,1.0000E-03,9.65848E+04,0.0506,2.0000E-03,6.61314E+05,0.0232,3.0000E-03,3.79463E+05,0.0287,4.0000E-03,2.78587E+05,0.0324,5.0000E-03,2.29968E+05,0.0359,6.0000E-03,1.73367E+05,0.0395,7.0000E-03,1.52617E+05,0.0414,8.0000E-03,1.33072E+05,0.0448,9.0000E-03,1.20630E+05,0.0463,1.0000E-02,1.11171E+05,0.0481,2.0000E-02,7.62829E+05,0.0220,3.0000E-02,4.81169E+05,0.0260,4.0000E-02,3.61429E+05,0.0295,5.0000E-02,2.99484E+05,0.0315,6.0000E-02,2.48158E+05,0.0335,7.0000E-02,2.30450E+05,0.0338,8.0000E-02,2.12249E+05,0.0362,9.0000E-02,1.72054E+05,0.0387,1.0000E-01,1.67149E+05,0.0405,2.0000E-01,1.28825E+06,0.0173,3.0000E-01,9.33338E+05,0.0192,4.0000E-01,7.82952E+05,0.0202,5.0000E-01,6.39672E+05,0.0225,6.0000E-01,6.06973E+05,0.0229,7.0000E-01,5.62387E+05,0.0242,8.0000E-01,5.18768E+05,0.0252,9.0000E-01,5.00623E+05,0.0258,1.0000E+00,4.37319E+05,0.0275,2.0000E+00,2.93972E+06,0.0119,3.0000E+00,1.54308E+06,0.0158,4.0000E+00,7.13953E+05,0.0229,5.0000E+00,4.02789E+05,0.0313,6.0000E+00,1.98432E+05,0.0444,7.0000E+00,1.08886E+05,0.0616,8.0000E+00,5.57549E+04,0.1067,9.0000E+00,2.39638E+04,0.1281,1.0000E+01,1.11101E+04,0.1727,2.0000E+01,1.15870E+04,0.1680,3.0000E+01,0.00000E+00,0.0000,4.0000E+01,0.00000E+00,0.0000,5.0000E+01,0.00000E+00,0.0000,6.0000E+01,0.00000E+00,0.0000,7.0000E+01,0.00000E+00,0.0000,8.0000E+01,0.00000E+00,0.0000,9.0000E+01,0.00000E+00,0.0000,1.0000E+02,0.00000E+00,0.0000,2.0000E+02,0.00000E+00,0.0000,3.0000E+02,0.00000E+00,0.0000,4.0000E+02,0.00000E+00,0.0000,5.0000E+02,0.00000E+00,0.0000,6.0000E+02,0.00000E+00,0.0000,7.0000E+02,0.00000E+00,0.0000,8.0000E+02,0.00000E+00,0.0000,9.0000E+02,0.00000E+00,0.0000,1.0000E+03,0.00000E+00,0.0000,2.0000E+03,0.00000E+00,0.0000,3.0000E+03,0.00000E+00,0.0000,4.0000E+03,0.00000E+00,0.0000,5.0000E+03,0.00000E+00,0.0000,6.0000E+03,0.00000E+00,0.0000,7.0000E+03,0.00000E+00,0.0000,8.0000E+03,0.00000E+00,0.0000,9.0000E+03,0.00000E+00,0.0000
2204,rabbit inner vial (5 W spectrum),1.79156E+00,1.0000E-08,2.85502E+06,0.0730,2.0000E-08,6.01453E+06,0.0520,3.0000E-08,7.57373E+06,0.0468,4.0000E-08,6.54222E+06,0.0493,5.0000E-08,6.53348E+06,0.0494,6.0000E-08,4.81583E+06,0.0583,7.0000E-08,4.30524E+06,0.0609,8.0000E-08,2.97074E+06,0.0719,9.0000E-08,3.01028E+06,0.0760,1.0000E-07,1.92151E+06,0.0926,2.0000E-07,8.51513E+06,0.0471,3.0000E-07,1.85811E+06,0.1091,4.0000E-07,9.71477E+05,0.1417,5.0000E-07,7.99803E+05,0.1776,6.0000E-07,7.72562E+05,0.1628,7.0000E-07,4.02806E+05,0.2180,8.0000E-07,5.89643E+05,0.1883,9.0000E-07,3.40279E+05,0.2365,1.0000E-06,2.48663E+05,0.3047,2.0000E-06,2.47708E+06,0.0930,3.0000E-06,1.38916E+06,0.1349,4.0000E-06,1.09728E+06,0.1364,5.0000E-06,7.65478E+05,0.1688,6.0000E-06,4.58751E+05,0.2138,7.0000E-06,4.60447E+05,0.2107,8.0000E-06,4.93273E+05,0.2009,9.0000E-06,3.23444E+05,0.2370,1.0000E-05,1.98232E+05,0.3014,2.0000E-05,2.37336E+06,0.0957,3.0000E-05,1.13178E+06,0.1329,4.0000E-05,9.06348E+05,0.1475,5.0000E-05,7.00753E+05,0.1876,6.0000E-05,5.15807E+05,0.2102,7.0000E-05,3.87915E+05,0.2262,8.0000E-05,3.89539E+05,0.2312,9.0000E-05,3.04982E+05,0.2568,1.0000E-04,3.64380E+05,0.2222,2.0000E-04,2.06830E+06,0.0996,3.0000E-04,1.22468E+06,0.1311,4.0000E-04,1.37740E+06,0.1269,5.0000E-04,7.30774E+05,0.1724,6.0000E-04,6.14883E+05,0.1815,7.0000E-04,5.88052E+05,0.1995,8.0000E-04,5.47413E+05,0.2010,9.0000E-04,5.11986E+05,0.1975,1.0000E-03,3.13818E+05,0.2358,2.0000E-03,2.09913E+06,0.0969,3.0000E-03,1.40041E+06,0.1296,4.0000E-03,1.05132E+06,0.1418,5.0000E-03,1.00165E+06,0.1508,6.0000E-03,8.83911E+05,0.1601,7.0000E-03,6.81520E+05,0.1733,8.0000E-03,4.62825E+05,0.2109,9.0000E-03,3.47240E+05,0.2377,1.0000E-02,2.85909E+05,0.2727,2.0000E-02,2.49440E+06,0.0929,3.0000E-02,2.11488E+06,0.1039,4.0000E-02,1.08874E+06,0.1433,5.0000E-02,9.73948E+05,0.1614,6.0000E-02,6.51808E+05,0.1820,7.0000E-02,8.89457E+05,0.1619,8.0000E-02,9.95125E+05,0.1505,9.0000E-02,6.67203E+05,0.1792,1.0000E-01,6.17499E+05,0.1850,2.0000E-01,3.85549E+06,0.0735,3.0000E-01,3.35126E+06,0.0845,4.0000E-01,2.48517E+06,0.0928,5.0000E-01,2.18032E+06,0.0973,6.0000E-01,2.10310E+06,0.1043,7.0000E-01,2.03489E+06,0.1023,8.0000E-01,2.15753E+06,0.1025,9.0000E-01,1.66040E+06,0.1169,1.0000E+00,1.31347E+06,0.1234,2.0000E+00,9.78572E+06,0.0471,3.0000E+00,4.97189E+06,0.0641,4.0000E+00,2.59119E+06,0.0900,5.0000E+00,1.41371E+06,0.1234,6.0000E+00,4.91663E+05,0.2061,7.0000E+00,2.96351E+05,0.2677,8.0000E+00,2.27620E+05,0.3334,9.0000E+00,1.00076E+05,0.5156,1.0000E+01,1.37023E+05,0.3917,2.0000E+01,8.68766E+02,1.0000,3.0000E+01,0.00000E+00,0.0000,4.0000E+01,0.00000E+00,0.0000,5.0000E+01,0.00000E+00,0.0000,6.0000E+01,0.00000E+00,0.0000,7.0000E+01,0.00000E+00,0.0000,8.0000E+01,0.00000E+00,0.0000,9.0000E+01,0.00000E+00,0.0000,1.0000E+02,0.00000E+00,0.0000,2.0000E+02,0.00000E+00,0.0000,3.0000E+02,0.00000E+00,0.0000,4.0000E+02,0.00000E+00,0.0000,5.0000E+02,0.00000E+00,0.0000,6.0000E+02,0.00000E+00,0.0000,7.0000E+02,0.00000E+00,0.0000,8.0000E+02,0.00000E+00,0.0000,9.0000E+02,0.00000E+00,0.0000,1.0000E+03,0.00000E+00,0.0000,2.0000E+03,0.00000E+00,0.0000,3.0000E+03,0.00000E+00,0.0000,4.0000E+03,0.00000E+00,0.0000,5.0000E+03,0.00000E+00,0.0000,6.0000E+03,0.00000E+00,0.0000,7.0000E+03,0.00000E+00,0.0000,8.0000E+03,0.00000E+00,0.0000,9.0000E+03,0.00000E+00,0.0000
2214,ls 1 triga tube (5 W spectrum),2.21913E+02,1.0000E-08,7.72574E+05,0.0243,2.0000E-08,1.80711E+06,0.0162,3.0000E-08,2.12062E+06,0.0151,4.0000E-08,2.15554E+06,0.0146,5.0000E-08,1.95729E+06,0.0152,6.0000E-08,1.65334E+06,0.0170,7.0000E-08,1.36754E+06,0.0184,8.0000E-08,1.12306E+06,0.0204,9.0000E-08,8.68739E+05,0.0232,1.0000E-07,6.89905E+05,0.0261,2.0000E-07,2.52787E+06,0.0151,3.0000E-07,5.51552E+05,0.0356,4.0000E-07,2.85696E+05,0.0523,5.0000E-07,2.16012E+05,0.0544,6.0000E-07,1.63780E+05,0.0597,7.0000E-07,1.20476E+05,0.0730,8.0000E-07,1.09583E+05,0.0769,9.0000E-07,1.01564E+05,0.0774,1.0000E-06,9.53173E+04,0.0895,2.0000E-06,5.99407E+05,0.0344,3.0000E-06,3.73837E+05,0.0429,4.0000E-06,2.65307E+05,0.0529,5.0000E-06,2.03458E+05,0.0559,6.0000E-06,1.53914E+05,0.0628,7.0000E-06,1.26896E+05,0.0730,8.0000E-06,1.09249E+05,0.0763,9.0000E-06,9.75623E+04,0.0835,1.0000E-05,8.61052E+04,0.0876,2.0000E-05,6.06649E+05,0.0340,3.0000E-05,3.45289E+05,0.0438,4.0000E-05,2.58325E+05,0.0549,5.0000E-05,2.14070E+05,0.0549,6.0000E-05,1.69319E+05,0.0606,7.0000E-05,1.31639E+05,0.0701,8.0000E-05,1.15277E+05,0.0736,9.0000E-05,8.26903E+04,0.0844,1.0000E-04,9.17724E+04,0.0880,2.0000E-04,5.98315E+05,0.0342,3.0000E-04,3.82871E+05,0.0420,4.0000E-04,2.72125E+05,0.0514,5.0000E-04,2.06386E+05,0.0564,6.0000E-04,1.68334E+05,0.0609,7.0000E-04,1.30636E+05,0.0724,8.0000E-04,1.09764E+05,0.0782,9.0000E-04,1.26050E+05,0.0722,1.0000E-03,9.97413E+04,0.0795,2.0000E-03,6.69088E+05,0.0327,3.0000E-03,4.21767E+05,0.0399,4.0000E-03,2.99956E+05,0.0494,5.0000E-03,2.49056E+05,0.0535,6.0000E-03,1.82762E+05,0.0603,7.0000E-03,1.58112E+05,0.0651,8.0000E-03,1.41517E+05,0.0658,9.0000E-03,1.48521E+05,0.0673,1.0000E-02,1.27818E+05,0.0724,2.0000E-02,8.55377E+05,0.0291,3.0000E-02,5.57961E+05,0.0346,4.0000E-02,2.60254E+05,0.0531,5.0000E-02,2.75803E+05,0.0501,6.0000E-02,2.57411E+05,0.0556,7.0000E-02,2.70439E+05,0.0494,8.0000E-02,2.72524E+05,0.0505,9.0000E-02,9.64582E+04,0.0980,1.0000E-01,8.70195E+04,0.0816,2.0000E-01,1.10017E+06,0.0265,3.0000E-01,6.61139E+05,0.0331,4.0000E-01,5.50580E+05,0.0361,5.0000E-01,4.30488E+05,0.0408,6.0000E-01,3.57726E+05,0.0423,7.0000E-01,3.54907E+05,0.0440,8.0000E-01,2.89850E+05,0.0483,9.0000E-01,2.39273E+05,0.0532,1.0000E+00,2.17706E+05,0.0576,2.0000E+00,1.51785E+06,0.0213,3.0000E+00,5.76153E+05,0.0333,4.0000E+00,2.09934E+05,0.0541,5.0000E+00,1.32521E+05,0.0655,6.0000E+00,9.62526E+04,0.0810,7.0000E+00,2.73027E+04,0.1430,8.0000E+00,1.37379E+04,0.1976,9.0000E+00,6.55008E+03,0.2880,1.0000E+01,3.11491E+03,0.3619,2.0000E+01,3.90030E+03,0.3886,3.0000E+01,0.00000E+00,0.0000,4.0000E+01,0.00000E+00,0.0000,5.0000E+01,0.00000E+00,0.0000,6.0000E+01,0.00000E+00,0.0000,7.0000E+01,0.00000E+00,0.0000,8.0000E+01,0.00000E+00,0.0000,9.0000E+01,0.00000E+00,0.0000,1.0000E+02,0.00000E+00,0.0000,2.0000E+02,0.00000E+00,0.0000,3.0000E+02,0.00000E+00,0.0000,4.0000E+02,0.00000E+00,0.0000,5.0000E+02,0.00000E+00,0.0000,6.0000E+02,0.00000E+00,0.0000,7.0000E+02,0.00000E+00,0.0000,8.0000E+02,0.00000E+00,0.0000,9.0000E+02,0.00000E+00,0.0000,1.0000E+03,0.00000E+00,0.0000,2.0000E+03,0.00000E+00,0.0000,3.0000E+03,0.00000E+00,0.0000,4.0000E+03,0.00000E+00,0.0000,5.0000E+03,0.00000E+00,0.0000,6.0000E+03,0.00000E+00,0.0000,7.0000E+03,0.00000E+00,0.0000,8.0000E+03,0.00000E+00,0.0000,9.0000E+03,0.00000E+00,0.0000
2224,ls 11 triga tube (5 W spectrum),2.21913E+02,1.0000E-08,7.50898E+05,0.0236,2.0000E-08,1.84855E+06,0.0153,3.0000E-08,2.20676E+06,0.0143,4.0000E-08,2.15758E+06,0.0142,5.0000E-08,1.97406E+06,0.0151,6.0000E-08,1.70423E+06,0.0162,7.0000E-08,1.35203E+06,0.0179,8.0000E-08,1.13519E+06,0.0203,9.0000E-08,8.72838E+05,0.0225,1.0000E-07,6.82008E+05,0.0249,2.0000E-07,2.46677E+06,0.0146,3.0000E-07,4.80073E+05,0.0364,4.0000E-07,2.57795E+05,0.0501,5.0000E-07,1.77314E+05,0.0593,6.0000E-07,1.46401E+05,0.0682,7.0000E-07,1.29254E+05,0.0702,8.0000E-07,1.00129E+05,0.0783,9.0000E-07,8.46135E+04,0.0873,1.0000E-06,6.89706E+04,0.0913,2.0000E-06,5.51281E+05,0.0382,3.0000E-06,2.86385E+05,0.0485,4.0000E-06,1.90394E+05,0.0590,5.0000E-06,1.59885E+05,0.0648,6.0000E-06,1.34795E+05,0.0689,7.0000E-06,1.15317E+05,0.0835,8.0000E-06,9.65815E+04,0.0775,9.0000E-06,9.76145E+04,0.0913,1.0000E-05,8.18780E+04,0.0886,2.0000E-05,5.33425E+05,0.0358,3.0000E-05,3.03460E+05,0.0485,4.0000E-05,2.18579E+05,0.0570,5.0000E-05,1.60941E+05,0.0684,6.0000E-05,1.34200E+05,0.0745,7.0000E-05,9.92883E+04,0.0765,8.0000E-05,9.62346E+04,0.0794,9.0000E-05,9.13393E+04,0.0869,1.0000E-04,7.47813E+04,0.0859,2.0000E-04,5.26249E+05,0.0360,3.0000E-04,3.22569E+05,0.0457,4.0000E-04,2.38888E+05,0.0563,5.0000E-04,1.62647E+05,0.0630,6.0000E-04,1.47082E+05,0.0692,7.0000E-04,1.28038E+05,0.0760,8.0000E-04,1.01195E+05,0.0797,9.0000E-04,9.73394E+04,0.0939,1.0000E-03,7.54449E+04,0.0895,2.0000E-03,5.33312E+05,0.0355,3.0000E-03,3.49579E+05,0.0438,4.0000E-03,2.42145E+05,0.0524,5.0000E-03,1.93313E+05,0.0638,6.0000E-03,1.47507E+05,0.0647,7.0000E-03,1.37586E+05,0.0742,8.0000E-03,1.19089E+05,0.0711,9.0000E-03,1.06165E+05,0.0812,1.0000E-02,1.02476E+05,0.0755,2.0000E-02,7.43556E+05,0.0313,3.0000E-02,4.61099E+05,0.0385,4.0000E-02,2.32903E+05,0.0597,5.0000E-02,2.07057E+05,0.0560,6.0000E-02,2.06297E+05,0.0554,7.0000E-02,2.05950E+05,0.0556,8.0000E-02,2.36483E+05,0.0551,9.0000E-02,7.82099E+04,0.0940,1.0000E-01,8.30398E+04,0.0844,2.0000E-01,8.62040E+05,0.0295,3.0000E-01,5.36275E+05,0.0356,4.0000E-01,4.17486E+05,0.0403,5.0000E-01,3.47793E+05,0.0433,6.0000E-01,2.86539E+05,0.0475,7.0000E-01,2.71390E+05,0.0510,8.0000E-01,2.31637E+05,0.0518,9.0000E-01,2.12395E+05,0.0573,1.0000E+00,1.88680E+05,0.0587,2.0000E+00,1.20405E+06,0.0238,3.0000E+00,5.19688E+05,0.0358,4.0000E+00,1.88896E+05,0.0573,5.0000E+00,1.15589E+05,0.0707,6.0000E+00,6.01135E+04,0.0970,7.0000E+00,2.83084E+04,0.1456,8.0000E+00,1.64886E+04,0.1975,9.0000E+00,6.54676E+03,0.2799,1.0000E+01,4.83318E+03,0.3293,2.0000E+01,2.11401E+03,0.5147,3.0000E+01,0.00000E+00,0.0000,4.0000E+01,0.00000E+00,0.0000,5.0000E+01,0.00000E+00,0.0000,6.0000E+01,0.00000E+00,0.0000,7.0000E+01,0.00000E+00,0.0000,8.0000E+01,0.00000E+00,0.0000,9.0000E+01,0.00000E+00,0.0000,1.0000E+02,0.00000E+00,0.0000,2.0000E+02,0.00000E+00,0.0000,3.0000E+02,0.00000E+00,0.0000,4.0000E+02,0.00000E+00,0.0000,5.0000E+02,0.00000E+00,0.0000,6.0000E+02,0.00000E+00,0.0000,7.0000E+02,0.00000E+00,0.0000,8.0000E+02,0.00000E+00,0.0000,9.0000E+02,0.00000E+00,0.0000,1.0000E+03,0.00000E+00,0.0000,2.0000E+03,0.00000E+00,0.0000,3.0000E+03,0.00000E+00,0.0000,4.0000E+03,0.00000E+00,0.0000,5.0000E+03,0.00000E+00,0.0000,6.0000E+03,0.00000E+00,0.0000,7.0000E+03,0.00000E+00,0.0000,8.0000E+03,0.00000E+00,0.0000,9.0000E+03,0.00000E+00,0.0000
2234,ls 21 triga tube (5 W spectrum),2.02774E+02,1.0000E-08,7.43052E+05,0.0246,2.0000E-08,1.71830E+06,0.0164,3.0000E-08,2.18724E+06,0.0152,4.0000E-08,2.06705E+06,0.0152,5.0000E-08,1.93798E+06,0.0162,6.0000E-08,1.59304E+06,0.0176,7.0000E-08,1.34927E+06,0.0186,8.0000E-08,1.06114E+06,0.0212,9.0000E-08,8.41305E+05,0.0241,1.0000E-07,6.72553E+05,0.0269,2.0000E-07,2.36640E+06,0.0158,3.0000E-07,5.14166E+05,0.0365,4.0000E-07,2.76855E+05,0.0479,5.0000E-07,2.16258E+05,0.0600,6.0000E-07,1.62540E+05,0.0688,7.0000E-07,1.20451E+05,0.0724,8.0000E-07,1.04024E+05,0.0805,9.0000E-07,1.18266E+05,0.0879,1.0000E-06,9.11753E+04,0.0978,2.0000E-06,5.46284E+05,0.0360,3.0000E-06,3.19169E+05,0.0450,4.0000E-06,2.41236E+05,0.0554,5.0000E-06,1.68605E+05,0.0645,6.0000E-06,1.55953E+05,0.0649,7.0000E-06,1.37177E+05,0.0696,8.0000E-06,1.11845E+05,0.0778,9.0000E-06,1.03752E+05,0.0794,1.0000E-05,9.49167E+04,0.0825,2.0000E-05,5.86124E+05,0.0351,3.0000E-05,3.37174E+05,0.0467,4.0000E-05,2.30168E+05,0.0593,5.0000E-05,1.79678E+05,0.0617,6.0000E-05,1.54894E+05,0.0705,7.0000E-05,1.40572E+05,0.0738,8.0000E-05,9.31687E+04,0.0817,9.0000E-05,1.00514E+05,0.0786,1.0000E-04,8.35976E+04,0.0923,2.0000E-04,6.18254E+05,0.0348,3.0000E-04,3.50766E+05,0.0449,4.0000E-04,2.40714E+05,0.0560,5.0000E-04,2.01330E+05,0.0587,6.0000E-04,1.52773E+05,0.0689,7.0000E-04,1.25149E+05,0.0718,8.0000E-04,1.20224E+05,0.0854,9.0000E-04,1.01539E+05,0.0797,1.0000E-03,1.01827E+05,0.0799,2.0000E-03,6.27575E+05,0.0333,3.0000E-03,4.10705E+05,0.0439,4.0000E-03,3.03304E+05,0.0486,5.0000E-03,2.30697E+05,0.0567,6.0000E-03,1.79979E+05,0.0611,7.0000E-03,1.57081E+05,0.0678,8.0000E-03,1.31925E+05,0.0696,9.0000E-03,1.32093E+05,0.0815,1.0000E-02,9.87994E+04,0.0799,2.0000E-02,8.10973E+05,0.0306,3.0000E-02,5.79990E+05,0.0356,4.0000E-02,2.43386E+05,0.0545,5.0000E-02,2.49669E+05,0.0532,6.0000E-02,2.66229E+05,0.0543,7.0000E-02,2.33907E+05,0.0531,8.0000E-02,2.69416E+05,0.0517,9.0000E-02,1.00644E+05,0.0834,1.0000E-01,9.44681E+04,0.0962,2.0000E-01,1.07283E+06,0.0275,3.0000E-01,7.09375E+05,0.0340,4.0000E-01,5.33166E+05,0.0371,5.0000E-01,4.01079E+05,0.0440,6.0000E-01,3.53087E+05,0.0436,7.0000E-01,3.20924E+05,0.0491,8.0000E-01,2.81060E+05,0.0477,9.0000E-01,2.20092E+05,0.0534,1.0000E+00,2.29567E+05,0.0556,2.0000E+00,1.46310E+06,0.0224,3.0000E+00,5.92397E+05,0.0348,4.0000E+00,2.15053E+05,0.0558,5.0000E+00,1.40229E+05,0.0680,6.0000E+00,7.33788E+04,0.0945,7.0000E+00,3.83480E+04,0.1418,8.0000E+00,1.25057E+04,0.2076,9.0000E+00,6.30197E+03,0.2861,1.0000E+01,2.15369E+03,0.4710,2.0000E+01,4.02871E+03,0.3841,3.0000E+01,0.00000E+00,0.0000,4.0000E+01,0.00000E+00,0.0000,5.0000E+01,0.00000E+00,0.0000,6.0000E+01,0.00000E+00,0.0000,7.0000E+01,0.00000E+00,0.0000,8.0000E+01,0.00000E+00,0.0000,9.0000E+01,0.00000E+00,0.0000,1.0000E+02,0.00000E+00,0.0000,2.0000E+02,0.00000E+00,0.0000,3.0000E+02,0.00000E+00,0.0000,4.0000E+02,0.00000E+00,0.0000,5.0000E+02,0.00000E+00,0.0000,6.0000E+02,0.00000E+00,0.0000,7.0000E+02,0.00000E+00,0.0000,8.0000E+02,0.00000E+00,0.0000,9.0000E+02,0.00000E+00,0.0000,1.0000E+03,0.00000E+00,0.0000,2.0000E+03,0.00000E+00,0.0000,3.0000E+03,0.00000E+00,0.0000,4.0000E+03,0.00000E+00,0.0000,5.0000E+03,0.00000E+00,0.0000,6.0000E+03,0.00000E+00,0.0000,7.0000E+03,0.00000E+00,0.0000,8.0000E+03,0.00000E+00,0.0000,9.0000E+03,0.00000E+00,0.0000
2244,ls 31 triga tube (5 W spectrum),2.02774E+02,1.0000E-08,8.14304E+05,0.0238,2.0000E-08,1.90418E+06,0.0159,3.0000E-08,2.34352E+06,0.0146,4.0000E-08,2.21424E+06,0.0145,5.0000E-08,2.07340E+06,0.0154,6.0000E-08,1.79773E+06,0.0164,7.0000E-08,1.44710E+06,0.0179,8.0000E-08,1.18278E+06,0.0198,9.0000E-08,9.28242E+05,0.0225,1.0000E-07,7.37515E+05,0.0263,2.0000E-07,2.64738E+06,0.0149,3.0000E-07,5.01161E+05,0.0354,4.0000E-07,2.96103E+05,0.0474,5.0000E-07,2.07035E+05,0.0555,6.0000E-07,1.78854E+05,0.0592,7.0000E-07,1.45890E+05,0.0709,8.0000E-07,1.16444E+05,0.0806,9.0000E-07,1.28443E+05,0.0715,1.0000E-06,9.59837E+04,0.0805,2.0000E-06,6.25879E+05,0.0353,3.0000E-06,3.65804E+05,0.0453,4.0000E-06,2.68395E+05,0.0560,5.0000E-06,2.16861E+05,0.0559,6.0000E-06,1.54824E+05,0.0666,7.0000E-06,1.39906E+05,0.0734,8.0000E-06,1.30430E+05,0.0761,9.0000E-06,1.05543E+05,0.0815,1.0000E-05,9.06972E+04,0.0828,2.0000E-05,6.25827E+05,0.0350,3.0000E-05,3.72520E+05,0.0445,4.0000E-05,2.38289E+05,0.0525,5.0000E-05,1.88755E+05,0.0581,6.0000E-05,1.60657E+05,0.0656,7.0000E-05,1.39448E+05,0.0739,8.0000E-05,1.22121E+05,0.0729,9.0000E-05,1.08184E+05,0.0822,1.0000E-04,8.53207E+04,0.0866,2.0000E-04,6.27712E+05,0.0340,3.0000E-04,3.77810E+05,0.0449,4.0000E-04,2.77259E+05,0.0502,5.0000E-04,2.25534E+05,0.0557,6.0000E-04,1.51538E+05,0.0638,7.0000E-04,1.53676E+05,0.0681,8.0000E-04,1.17129E+05,0.0791,9.0000E-04,1.12518E+05,0.0771,1.0000E-03,1.13050E+05,0.0784,2.0000E-03,6.79528E+05,0.0323,3.0000E-03,3.92595E+05,0.0433,4.0000E-03,2.96460E+05,0.0498,5.0000E-03,2.55512E+05,0.0527,6.0000E-03,1.77364E+05,0.0652,7.0000E-03,1.67323E+05,0.0606,8.0000E-03,1.52565E+05,0.0651,9.0000E-03,1.47490E+05,0.0750,1.0000E-02,1.22240E+05,0.0726,2.0000E-02,8.29602E+05,0.0298,3.0000E-02,6.13063E+05,0.0332,4.0000E-02,2.59172E+05,0.0529,5.0000E-02,2.97582E+05,0.0470,6.0000E-02,2.59070E+05,0.0512,7.0000E-02,2.52212E+05,0.0524,8.0000E-02,2.56186E+05,0.0502,9.0000E-02,1.08547E+05,0.0867,1.0000E-01,7.39536E+04,0.0908,2.0000E-01,1.08999E+06,0.0274,3.0000E-01,6.28378E+05,0.0348,4.0000E-01,5.22679E+05,0.0377,5.0000E-01,4.23250E+05,0.0420,6.0000E-01,3.71577E+05,0.0435,7.0000E-01,3.26253E+05,0.0459,8.0000E-01,2.88682E+05,0.0489,9.0000E-01,2.20519E+05,0.0585,1.0000E+00,2.32154E+05,0.0571,2.0000E+00,1.46451E+06,0.0218,3.0000E+00,5.82750E+05,0.0340,4.0000E+00,2.23064E+05,0.0534,5.0000E+00,1.28828E+05,0.0679,6.0000E+00,7.03196E+04,0.0915,7.0000E+00,3.09777E+04,0.1335,8.0000E+00,1.99094E+04,0.1661,9.0000E+00,5.30236E+03,0.3115,1.0000E+01,1.76274E+03,0.5198,2.0000E+01,4.67765E+03,0.3465,3.0000E+01,0.00000E+00,0.0000,4.0000E+01,0.00000E+00,0.0000,5.0000E+01,0.00000E+00,0.0000,6.0000E+01,0.00000E+00,0.0000,7.0000E+01,0.00000E+00,0.0000,8.0000E+01,0.00000E+00,0.0000,9.0000E+01,0.00000E+00,0.0000,1.0000E+02,0.00000E+00,0.0000,2.0000E+02,0.00000E+00,0.0000,3.0000E+02,0.00000E+00,0.0000,4.0000E+02,0.00000E+00,0.0000,5.0000E+02,0.00000E+00,0.0000,6.0000E+02,0.00000E+00,0.0000,7.0000E+02,0.00000E+00,0.0000,8.0000E+02,0.00000E+00,0.0000,9.0000E+02,0.00000E+00,0.0000,1.0000E+03,0.00000E+00,0.0000,2.0000E+03,0.00000E+00,0.0000,3.0000E+03,0.00000E+00,0.0000,4.0000E+03,0.00000E+00,0.0000,5.0000E+03,0.00000E+00,0.0000,6.0000E+03,0.00000E+00,0.0000,7.0000E+03,0.00000E+00,0.0000,8.0000E+03,0.00000E+00,0.0000,9.0000E+03,0.00000E+00,0.0000
2314,linear channel (5 W spectrum),1.07644E+04,1.0000E-08,9.02187E+04,0.0185,2.0000E-08,2.18320E+05,0.0126,3.0000E-08,2.65699E+05,0.0114,4.0000E-08,2.62062E+05,0.0114,5.0000E-08,2.38685E+05,0.0117,6.0000E-08,1.99864E+05,0.0124,7.0000E-08,1.63986E+05,0.0132,8.0000E-08,1.29164E+05,0.0146,9.0000E-08,1.00905E+05,0.0161,1.0000E-07,7.78676E+04,0.0179,2.0000E-07,2.36474E+05,0.0129,3.0000E-07,2.59941E+04,0.0396,4.0000E-07,1.16738E+04,0.0592,5.0000E-07,9.92363E+03,0.0648,6.0000E-07,7.24219E+03,0.0777,7.0000E-07,6.93624E+03,0.0735,8.0000E-07,5.07924E+03,0.0884,9.0000E-07,4.94429E+03,0.0853,1.0000E-06,4.45294E+03,0.0940,2.0000E-06,2.74953E+04,0.0427,3.0000E-06,1.38042E+04,0.0571,4.0000E-06,1.01253E+04,0.0650,5.0000E-06,7.18492E+03,0.0728,6.0000E-06,5.38429E+03,0.0863,7.0000E-06,5.30391E+03,0.0890,8.0000E-06,4.08219E+03,0.0932,9.0000E-06,4.86428E+03,0.0928,1.0000E-05,3.70019E+03,0.1028,2.0000E-05,2.38082E+04,0.0477,3.0000E-05,1.33930E+04,0.0595,4.0000E-05,7.68099E+03,0.0738,5.0000E-05,6.78133E+03,0.0780,6.0000E-05,6.08784E+03,0.0861,7.0000E-05,4.63552E+03,0.0876,8.0000E-05,3.42077E+03,0.0992,9.0000E-05,3.15442E+03,0.1058,1.0000E-04,3.25323E+03,0.1033,2.0000E-04,1.91154E+04,0.0525,3.0000E-04,1.26673E+04,0.0632,4.0000E-04,9.05813E+03,0.0735,5.0000E-04,6.81001E+03,0.0797,6.0000E-04,4.93184E+03,0.0951,7.0000E-04,4.86108E+03,0.0923,8.0000E-04,3.20041E+03,0.1107,9.0000E-04,3.09591E+03,0.1123,1.0000E-03,2.43969E+03,0.1242,2.0000E-03,1.80647E+04,0.0537,3.0000E-03,9.58494E+03,0.0711,4.0000E-03,6.65110E+03,0.0803,5.0000E-03,5.97881E+03,0.0839,6.0000E-03,3.85677E+03,0.0997,7.0000E-03,3.90824E+03,0.0992,8.0000E-03,3.31151E+03,0.1138,9.0000E-03,3.05385E+03,0.1187,1.0000E-02,2.38422E+03,0.1346,2.0000E-02,1.53814E+04,0.0558,3.0000E-02,1.19552E+04,0.0633,4.0000E-02,3.95343E+03,0.0871,5.0000E-02,3.91576E+03,0.0921,6.0000E-02,4.65532E+03,0.0957,7.0000E-02,5.31635E+03,0.0871,8.0000E-02,5.06825E+03,0.0791,9.0000E-02,1.41373E+03,0.0956,1.0000E-01,1.32205E+03,0.1093,2.0000E-01,1.98540E+04,0.0506,3.0000E-01,1.36532E+04,0.0579,4.0000E-01,1.15079E+04,0.0574,5.0000E-01,9.72684E+03,0.0610,6.0000E-01,8.22475E+03,0.0631,7.0000E-01,7.65162E+03,0.0669,8.0000E-01,6.47663E+03,0.0682,9.0000E-01,4.95739E+03,0.0761,1.0000E+00,4.93554E+03,0.0791,2.0000E+00,3.10442E+04,0.0390,3.0000E+00,1.32735E+04,0.0553,4.0000E+00,4.94778E+03,0.0847,5.0000E+00,5.38402E+03,0.0811,6.0000E+00,2.81571E+03,0.1073,7.0000E+00,1.33861E+03,0.1476,8.0000E+00,5.93206E+02,0.2233,9.0000E+00,3.11626E+02,0.3058,1.0000E+01,1.51377E+02,0.4122,2.0000E+01,1.20606E+02,0.4844,3.0000E+01,0.00000E+00,0.0000,4.0000E+01,0.00000E+00,0.0000,5.0000E+01,0.00000E+00,0.0000,6.0000E+01,0.00000E+00,0.0000,7.0000E+01,0.00000E+00,0.0000,8.0000E+01,0.00000E+00,0.0000,9.0000E+01,0.00000E+00,0.0000,1.0000E+02,0.00000E+00,0.0000,2.0000E+02,0.00000E+00,0.0000,3.0000E+02,0.00000E+00,0.0000,4.0000E+02,0.00000E+00,0.0000,5.0000E+02,0.00000E+00,0.0000,6.0000E+02,0.00000E+00,0.0000,7.0000E+02,0.00000E+00,0.0000,8.0000E+02,0.00000E+00,0.0000,9.0000E+02,0.00000E+00,0.0000,1.0000E+03,0.00000E+00,0.0000,2.0000E+03,0.00000E+00,0.0000,3.0000E+03,0.00000E+00,0.0000,4.0000E+03,0.00000E+00,0.0000,5.0000E+03,0.00000E+00,0.0000,6.0000E+03,0.00000E+00,0.0000,7.0000E+03,0.00000E+00,0.0000,8.0000E+03,0.00000E+00,0.0000,9.0000E+03,0.00000E+00,0.0000
2324,percent channel (5 W spectrum),1.07644E+04,1.0000E-08,8.29899E+04,0.0189,2.0000E-08,2.00402E+05,0.0131,3.0000E-08,2.44944E+05,0.0120,4.0000E-08,2.45678E+05,0.0117,5.0000E-08,2.20395E+05,0.0120,6.0000E-08,1.87386E+05,0.0128,7.0000E-08,1.54648E+05,0.0137,8.0000E-08,1.19224E+05,0.0151,9.0000E-08,9.39007E+04,0.0166,1.0000E-07,7.21087E+04,0.0187,2.0000E-07,2.17308E+05,0.0132,3.0000E-07,2.59951E+04,0.0394,4.0000E-07,1.10995E+04,0.0617,5.0000E-07,8.17828E+03,0.0716,6.0000E-07,6.38099E+03,0.0759,7.0000E-07,6.37793E+03,0.0809,8.0000E-07,4.84087E+03,0.0913,9.0000E-07,5.20425E+03,0.0893,1.0000E-06,4.25559E+03,0.0947,2.0000E-06,2.39469E+04,0.0461,3.0000E-06,1.41905E+04,0.0577,4.0000E-06,9.67678E+03,0.0684,5.0000E-06,7.22928E+03,0.0772,6.0000E-06,5.85686E+03,0.0821,7.0000E-06,5.22258E+03,0.0848,8.0000E-06,4.79372E+03,0.0907,9.0000E-06,3.57404E+03,0.1001,1.0000E-05,3.33369E+03,0.1052,2.0000E-05,2.20996E+04,0.0484,3.0000E-05,1.16847E+04,0.0614,4.0000E-05,8.01699E+03,0.0726,5.0000E-05,6.10906E+03,0.0824,6.0000E-05,4.89568E+03,0.0893,7.0000E-05,4.12503E+03,0.0988,8.0000E-05,3.56207E+03,0.0993,9.0000E-05,3.15726E+03,0.1095,1.0000E-04,2.53662E+03,0.1177,2.0000E-04,1.81520E+04,0.0535,3.0000E-04,1.02142E+04,0.0683,4.0000E-04,8.02069E+03,0.0734,5.0000E-04,5.39649E+03,0.0880,6.0000E-04,5.42652E+03,0.0858,7.0000E-04,4.00966E+03,0.1004,8.0000E-04,3.17167E+03,0.1016,9.0000E-04,3.11735E+03,0.1122,1.0000E-03,2.38329E+03,0.1178,2.0000E-03,1.61740E+04,0.0541,3.0000E-03,9.72564E+03,0.0709,4.0000E-03,5.84394E+03,0.0865,5.0000E-03,4.66625E+03,0.0931,6.0000E-03,3.98784E+03,0.1005,7.0000E-03,3.32333E+03,0.1082,8.0000E-03,2.46948E+03,0.1245,9.0000E-03,1.99957E+03,0.1333,1.0000E-02,1.99233E+03,0.1391,2.0000E-02,1.40727E+04,0.0594,3.0000E-02,1.12499E+04,0.0686,4.0000E-02,4.03658E+03,0.0872,5.0000E-02,3.13803E+03,0.1044,6.0000E-02,3.07939E+03,0.1115,7.0000E-02,4.21116E+03,0.0919,8.0000E-02,3.94330E+03,0.0966,9.0000E-02,1.03031E+03,0.1125,1.0000E-01,9.82668E+02,0.1425,2.0000E-01,1.84608E+04,0.0529,3.0000E-01,1.31092E+04,0.0560,4.0000E-01,1.04761E+04,0.0605,5.0000E-01,7.13029E+03,0.0688,6.0000E-01,7.35331E+03,0.0677,7.0000E-01,6.96890E+03,0.0702,8.0000E-01,6.07280E+03,0.0714,9.0000E-01,4.46601E+03,0.0817,1.0000E+00,5.24472E+03,0.0847,2.0000E+00,3.17992E+04,0.0384,3.0000E+00,1.19405E+04,0.0590,4.0000E+00,4.79514E+03,0.0865,5.0000E+00,4.68065E+03,0.0928,6.0000E+00,3.18067E+03,0.1019,7.0000E+00,1.51532E+03,0.1415,8.0000E+00,5.25137E+02,0.2453,9.0000E+00,2.04184E+02,0.3620,1.0000E+01,1.16410E+02,0.4268,2.0000E+01,1.51944E+02,0.4846,3.0000E+01,0.00000E+00,0.0000,4.0000E+01,0.00000E+00,0.0000,5.0000E+01,0.00000E+00,0.0000,6.0000E+01,0.00000E+00,0.0000,7.0000E+01,0.00000E+00,0.0000,8.0000E+01,0.00000E+00,0.0000,9.0000E+01,0.00000E+00,0.0000,1.0000E+02,0.00000E+00,0.0000,2.0000E+02,0.00000E+00,0.0000,3.0000E+02,0.00000E+00,0.0000,4.0000E+02,0.00000E+00,0.0000,5.0000E+02,0.00000E+00,0.0000,6.0000E+02,0.00000E+00,0.0000,7.0000E+02,0.00000E+00,0.0000,8.0000E+02,0.00000E+00,0.0000,9.0000E+02,0.00000E+00,0.0000,1.0000E+03,0.00000E+00,0.0000,2.0000E+03,0.00000E+00,0.0000,3.0000E+03,0.00000E+00,0.0000,4.0000E+03,0.00000E+00,0.0000,5.0000E+03,0.00000E+00,0.0000,6.0000E+03,0.00000E+00,0.0000,7.0000E+03,0.00000E+00,0.0000,8.0000E+03,0.00000E+00,0.0000,9.0000E+03,0.00000E+00,0.0000
2334,log channel (5 W spectrum),1.07644E+04,1.0000E-08,8.86749E+04,0.0181,2.0000E-08,2.13186E+05,0.0128,3.0000E-08,2.59893E+05,0.0116,4.0000E-08,2.56776E+05,0.0115,5.0000E-08,2.35086E+05,0.0117,6.0000E-08,1.95938E+05,0.0123,7.0000E-08,1.60855E+05,0.0133,8.0000E-08,1.29722E+05,0.0146,9.0000E-08,9.90406E+04,0.0163,1.0000E-07,7.74390E+04,0.0180,2.0000E-07,2.35949E+05,0.0130,3.0000E-07,2.73917E+04,0.0380,4.0000E-07,1.33422E+04,0.0575,5.0000E-07,9.77512E+03,0.0647,6.0000E-07,7.42784E+03,0.0745,7.0000E-07,6.15016E+03,0.0803,8.0000E-07,4.92572E+03,0.0881,9.0000E-07,3.94485E+03,0.0977,1.0000E-06,4.15849E+03,0.0970,2.0000E-06,2.55554E+04,0.0439,3.0000E-06,1.36270E+04,0.0591,4.0000E-06,1.05585E+04,0.0647,5.0000E-06,8.06489E+03,0.0737,6.0000E-06,6.85816E+03,0.0805,7.0000E-06,5.44542E+03,0.0887,8.0000E-06,4.15563E+03,0.0932,9.0000E-06,3.80681E+03,0.1039,1.0000E-05,3.56046E+03,0.0989,2.0000E-05,2.26573E+04,0.0484,3.0000E-05,1.39231E+04,0.0598,4.0000E-05,8.87279E+03,0.0719,5.0000E-05,6.82433E+03,0.0814,6.0000E-05,5.80271E+03,0.0879,7.0000E-05,4.58490E+03,0.0895,8.0000E-05,4.39558E+03,0.0927,9.0000E-05,3.53756E+03,0.0973,1.0000E-04,3.37710E+03,0.1053,2.0000E-04,2.16360E+04,0.0501,3.0000E-04,1.25746E+04,0.0637,4.0000E-04,8.17711E+03,0.0747,5.0000E-04,6.37173E+03,0.0791,6.0000E-04,4.78379E+03,0.0916,7.0000E-04,3.94679E+03,0.0962,8.0000E-04,4.40731E+03,0.0970,9.0000E-04,3.16464E+03,0.1134,1.0000E-03,3.52995E+03,0.1062,2.0000E-03,1.84289E+04,0.0528,3.0000E-03,1.09868E+04,0.0663,4.0000E-03,7.73173E+03,0.0740,5.0000E-03,5.25394E+03,0.0866,6.0000E-03,4.59028E+03,0.0910,7.0000E-03,3.67055E+03,0.1046,8.0000E-03,3.00474E+03,0.1252,9.0000E-03,2.31119E+03,0.1287,1.0000E-02,2.31569E+03,0.1265,2.0000E-02,1.64878E+04,0.0553,3.0000E-02,1.07657E+04,0.0672,4.0000E-02,3.77410E+03,0.0882,5.0000E-02,3.91991E+03,0.0927,6.0000E-02,4.73314E+03,0.0922,7.0000E-02,4.80655E+03,0.0885,8.0000E-02,4.68723E+03,0.0825,9.0000E-02,1.46037E+03,0.0947,1.0000E-01,1.32238E+03,0.1013,2.0000E-01,2.10542E+04,0.0499,3.0000E-01,1.30600E+04,0.0564,4.0000E-01,1.19310E+04,0.0577,5.0000E-01,8.68431E+03,0.0628,6.0000E-01,7.84599E+03,0.0637,7.0000E-01,7.49847E+03,0.0644,8.0000E-01,7.41503E+03,0.0650,9.0000E-01,5.06374E+03,0.0729,1.0000E+00,5.11077E+03,0.0769,2.0000E+00,3.40472E+04,0.0378,3.0000E+00,1.34664E+04,0.0548,4.0000E+00,5.38761E+03,0.0826,5.0000E+00,4.55978E+03,0.0852,6.0000E+00,2.56873E+03,0.1125,7.0000E+00,1.52649E+03,0.1372,8.0000E+00,7.62323E+02,0.2050,9.0000E+00,1.76033E+02,0.3460,1.0000E+01,1.23306E+02,0.4759,2.0000E+01,6.99146E+01,0.5880,3.0000E+01,0.00000E+00,0.0000,4.0000E+01,0.00000E+00,0.0000,5.0000E+01,0.00000E+00,0.0000,6.0000E+01,0.00000E+00,0.0000,7.0000E+01,0.00000E+00,0.0000,8.0000E+01,0.00000E+00,0.0000,9.0000E+01,0.00000E+00,0.0000,1.0000E+02,0.00000E+00,0.0000,2.0000E+02,0.00000E+00,0.0000,3.0000E+02,0.00000E+00,0.0000,4.0000E+02,0.00000E+00,0.0000,5.0000E+02,0.00000E+00,0.0000,6.0000E+02,0.00000E+00,0.0000,7.0000E+02,0.00000E+00,0.0000,8.0000E+02,0.00000E+00,0.0000,9.0000E+02,0.00000E+00,0.0000,1.0000E+03,0.00000E+00,0.0000,2.0000E+03,0.00000E+00,0.0000,3.0000E+03,0.00000E+00,0.0000,4.0000E+03,0.00000E+00,0.0000,5.0000E+03,0.00000E+00,0.0000,6.0000E+03,0.00000E+00,0.0000,7.0000E+03,0.00000E+00,0.0000,8.0000E+03,0.00000E+00,0.0000,9.0000E+03,0.00000E+00,0.0000
2344,empty channel (5 W spectrum),4.78417E+03,1.0000E-08,1.53376E+05,0.0177,2.0000E-08,3.65743E+05,0.0125,3.0000E-08,4.28556E+05,0.0115,4.0000E-08,4.24225E+05,0.0114,5.0000E-08,3.81274E+05,0.0117,6.0000E-08,3.17090E+05,0.0125,7.0000E-08,2.49734E+05,0.0136,8.0000E-08,2.02662E+05,0.0147,9.0000E-08,1.53714E+05,0.0165,1.0000E-07,1.22153E+05,0.0184,2.0000E-07,3.64286E+05,0.0127,3.0000E-07,4.08373E+04,0.0392,4.0000E-07,1.88379E+04,0.0570,5.0000E-07,1.66485E+04,0.0653,6.0000E-07,1.19767E+04,0.0719,7.0000E-07,9.73232E+03,0.0806,8.0000E-07,7.28929E+03,0.0925,9.0000E-07,6.74776E+03,0.0990,1.0000E-06,6.98338E+03,0.0993,2.0000E-06,3.99145E+04,0.0444,3.0000E-06,2.05777E+04,0.0597,4.0000E-06,1.35878E+04,0.0702,5.0000E-06,1.10496E+04,0.0785,6.0000E-06,9.08174E+03,0.0845,7.0000E-06,8.32250E+03,0.0871,8.0000E-06,7.38376E+03,0.0887,9.0000E-06,6.65182E+03,0.0956,1.0000E-05,5.31777E+03,0.1029,2.0000E-05,3.24693E+04,0.0493,3.0000E-05,1.97979E+04,0.0616,4.0000E-05,1.38477E+04,0.0696,5.0000E-05,1.04013E+04,0.0827,6.0000E-05,7.26043E+03,0.0919,7.0000E-05,6.88641E+03,0.0943,8.0000E-05,6.93574E+03,0.0932,9.0000E-05,4.93531E+03,0.1175,1.0000E-04,4.46223E+03,0.1128,2.0000E-04,3.42968E+04,0.0477,3.0000E-04,1.86287E+04,0.0611,4.0000E-04,1.25130E+04,0.0700,5.0000E-04,1.08715E+04,0.0802,6.0000E-04,7.19997E+03,0.1000,7.0000E-04,7.61592E+03,0.0994,8.0000E-04,7.22822E+03,0.0936,9.0000E-04,5.46486E+03,0.1073,1.0000E-03,5.11258E+03,0.1141,2.0000E-03,2.79683E+04,0.0541,3.0000E-03,1.59672E+04,0.0704,4.0000E-03,1.24321E+04,0.0774,5.0000E-03,8.48607E+03,0.0952,6.0000E-03,8.05965E+03,0.0882,7.0000E-03,5.67170E+03,0.1072,8.0000E-03,4.52952E+03,0.1138,9.0000E-03,4.34096E+03,0.1160,1.0000E-02,4.39597E+03,0.1277,2.0000E-02,2.57131E+04,0.0520,3.0000E-02,1.93312E+04,0.0626,4.0000E-02,7.74930E+03,0.0848,5.0000E-02,7.54520E+03,0.0882,6.0000E-02,6.40416E+03,0.0943,7.0000E-02,7.66835E+03,0.0901,8.0000E-02,8.25788E+03,0.0814,9.0000E-02,2.26543E+03,0.1110,1.0000E-01,1.92128E+03,0.1238,2.0000E-01,2.89975E+04,0.0522,3.0000E-01,1.93051E+04,0.0610,4.0000E-01,1.50222E+04,0.0683,5.0000E-01,1.14621E+04,0.0715,6.0000E-01,9.07698E+03,0.0769,7.0000E-01,1.07726E+04,0.0741,8.0000E-01,9.70167E+03,0.0785,9.0000E-01,7.90602E+03,0.0799,1.0000E+00,7.66000E+03,0.0811,2.0000E+00,5.12016E+04,0.0384,3.0000E+00,1.68035E+04,0.0600,4.0000E+00,7.08090E+03,0.0896,5.0000E+00,5.75343E+03,0.0987,6.0000E+00,4.98723E+03,0.1055,7.0000E+00,2.20198E+03,0.1429,8.0000E+00,8.48844E+02,0.2390,9.0000E+00,3.56887E+02,0.3477,1.0000E+01,2.42261E+02,0.4218,2.0000E+01,7.75011E+01,0.7092,3.0000E+01,0.00000E+00,0.0000,4.0000E+01,0.00000E+00,0.0000,5.0000E+01,0.00000E+00,0.0000,6.0000E+01,0.00000E+00,0.0000,7.0000E+01,0.00000E+00,0.0000,8.0000E+01,0.00000E+00,0.0000,9.0000E+01,0.00000E+00,0.0000,1.0000E+02,0.00000E+00,0.0000,2.0000E+02,0.00000E+00,0.0000,3.0000E+02,0.00000E+00,0.0000,4.0000E+02,0.00000E+00,0.0000,5.0000E+02,0.00000E+00,0.0000,6.0000E+02,0.00000E+00,0.0000,7.0000E+02,0.00000E+00,0.0000,8.0000E+02,0.00000E+00,0.0000,9.0000E+02,0.00000E+00,0.0000,1.0000E+03,0.00000E+00,0.0000,2.0000E+03,0.00000E+00,0.0000,3.0000E+03,0.00000E+00,0.0000,4.0000E+03,0.00000E+00,0.0000,5.0000E+03,0.00000E+00,0.0000,6.0000E+03,0.00000E+00,0.0000,7.0000E+03,0.00000E+00,0.0000,8.0000E+03,0.00000E+00,0.0000,9.0000E+03,0.00000E+00,0.0000
3114,safe rod poison (250 kW spectrum),3.34271E+02,1.0000E-08,1.88957E+08,0.0388,2.0000E-08,7.82655E+08,0.0242,3.0000E-08,1.21550E+09,0.0219,4.0000E-08,1.56778E+09,0.0208,5.0000E-08,1.63451E+09,0.0214,6.0000E-08,1.72417E+09,0.0230,7.0000E-08,1.59020E+09,0.0256,8.0000E-08,1.31515E+09,0.0277,9.0000E-08,1.19770E+09,0.0307,1.0000E-07,1.04117E+09,0.0338,2.0000E-07,4.96696E+09,0.0175,3.0000E-07,2.06902E+09,0.0336,4.0000E-07,1.47946E+09,0.0415,5.0000E-07,1.34772E+09,0.0463,6.0000E-07,1.22822E+09,0.0514,7.0000E-07,1.03946E+09,0.0566,8.0000E-07,9.75296E+08,0.0622,9.0000E-07,9.67881E+08,0.0620,1.0000E-06,9.21170E+08,0.0631,2.0000E-06,6.89656E+09,0.0276,3.0000E-06,5.15660E+09,0.0345,4.0000E-06,4.52022E+09,0.0402,5.0000E-06,3.63883E+09,0.0425,6.0000E-06,3.17755E+09,0.0467,7.0000E-06,2.79197E+09,0.0524,8.0000E-06,2.53822E+09,0.0535,9.0000E-06,2.25826E+09,0.0572,1.0000E-05,2.29862E+09,0.0583,2.0000E-05,1.73170E+10,0.0246,3.0000E-05,1.27392E+10,0.0296,4.0000E-05,9.50911E+09,0.0341,5.0000E-05,7.77473E+09,0.0374,6.0000E-05,6.60656E+09,0.0408,7.0000E-05,5.79692E+09,0.0439,8.0000E-05,5.02925E+09,0.0479,9.0000E-05,4.72701E+09,0.0488,1.0000E-04,4.14976E+09,0.0512,2.0000E-04,3.17600E+10,0.0220,3.0000E-04,2.03472E+10,0.0267,4.0000E-04,1.42946E+10,0.0308,5.0000E-04,1.10707E+10,0.0342,6.0000E-04,9.59233E+09,0.0366,7.0000E-04,7.85565E+09,0.0394,8.0000E-04,7.55340E+09,0.0406,9.0000E-04,6.48743E+09,0.0438,1.0000E-03,5.95938E+09,0.0455,2.0000E-03,3.89316E+10,0.0212,3.0000E-03,2.36532E+10,0.0259,4.0000E-03,1.71389E+10,0.0292,5.0000E-03,1.30948E+10,0.0320,6.0000E-03,1.14458E+10,0.0344,7.0000E-03,9.12625E+09,0.0374,8.0000E-03,8.83328E+09,0.0383,9.0000E-03,7.93018E+09,0.0410,1.0000E-02,6.63406E+09,0.0446,2.0000E-02,4.55962E+10,0.0200,3.0000E-02,2.96123E+10,0.0235,4.0000E-02,2.11100E+10,0.0269,5.0000E-02,1.82400E+10,0.0279,6.0000E-02,1.58991E+10,0.0296,7.0000E-02,1.36857E+10,0.0316,8.0000E-02,1.30549E+10,0.0331,9.0000E-02,1.09535E+10,0.0345,1.0000E-01,1.01525E+10,0.0365,2.0000E-01,8.06325E+10,0.0156,3.0000E-01,6.01339E+10,0.0170,4.0000E-01,4.84353E+10,0.0186,5.0000E-01,3.74510E+10,0.0205,6.0000E-01,3.91918E+10,0.0202,7.0000E-01,3.55542E+10,0.0217,8.0000E-01,3.45840E+10,0.0221,9.0000E-01,2.97480E+10,0.0230,1.0000E+00,2.60360E+10,0.0245,2.0000E+00,1.84704E+11,0.0107,3.0000E+00,1.02103E+11,0.0140,4.0000E+00,4.49440E+10,0.0205,5.0000E+00,2.56288E+10,0.0273,6.0000E+00,1.38457E+10,0.0380,7.0000E+00,6.28690E+09,0.0545,8.0000E+00,3.23065E+09,0.0752,9.0000E+00,1.56253E+09,0.1077,1.0000E+01,8.48203E+08,0.1516,2.0000E+01,4.64140E+08,0.1790,3.0000E+01,0.00000E+00,0.0000,4.0000E+01,0.00000E+00,0.0000,5.0000E+01,0.00000E+00,0.0000,6.0000E+01,0.00000E+00,0.0000,7.0000E+01,0.00000E+00,0.0000,8.0000E+01,0.00000E+00,0.0000,9.0000E+01,0.00000E+00,0.0000,1.0000E+02,0.00000E+00,0.0000,2.0000E+02,0.00000E+00,0.0000,3.0000E+02,0.00000E+00,0.0000,4.0000E+02,0.00000E+00,0.0000,5.0000E+02,0.00000E+00,0.0000,6.0000E+02,0.00000E+00,0.0000,7.0000E+02,0.00000E+00,0.0000,8.0000E+02,0.00000E+00,0.0000,9.0000E+02,0.00000E+00,0.0000,1.0000E+03,0.00000E+00,0.0000,2.0000E+03,0.00000E+00,0.0000,3.0000E+03,0.00000E+00,0.0000,4.0000E+03,0.00000E+00,0.0000,5.0000E+03,0.00000E+00,0.0000,6.0000E+03,0.00000E+00,0.0000,7.0000E+03,0.00000E+00,0.0000,8.0000E+03,0.00000E+00,0.0000,9.0000E+03,0.00000E+00,0.0000
3124,shim rod poison (250 kW spectrum),3.34271E+02,1.0000E-08,2.07913E+08,0.0384,2.0000E-08,8.29245E+08,0.0235,3.0000E-08,1.31439E+09,0.0208,4.0000E-08,1.64438E+09,0.0203,5.0000E-08,1.74851E+09,0.0211,6.0000E-08,1.75495E+09,0.0222,7.0000E-08,1.60249E+09,0.0240,8.0000E-08,1.39959E+09,0.0267,9.0000E-08,1.26767E+09,0.0294,1.0000E-07,1.22628E+09,0.0316,2.0000E-07,5.47757E+09,0.0167,3.0000E-07,2.23401E+09,0.0317,4.0000E-07,1.64521E+09,0.0401,5.0000E-07,1.33386E+09,0.0471,6.0000E-07,1.27283E+09,0.0501,7.0000E-07,1.11156E+09,0.0552,8.0000E-07,1.05203E+09,0.0598,9.0000E-07,9.97888E+08,0.0634,1.0000E-06,8.90092E+08,0.0683,2.0000E-06,7.69824E+09,0.0258,3.0000E-06,5.35138E+09,0.0335,4.0000E-06,4.54099E+09,0.0392,5.0000E-06,3.84530E+09,0.0428,6.0000E-06,3.45970E+09,0.0467,7.0000E-06,2.90642E+09,0.0498,8.0000E-06,2.74469E+09,0.0551,9.0000E-06,2.81399E+09,0.0541,1.0000E-05,2.65074E+09,0.0544,2.0000E-05,1.87337E+10,0.0239,3.0000E-05,1.30562E+10,0.0291,4.0000E-05,1.04817E+10,0.0326,5.0000E-05,8.21018E+09,0.0364,6.0000E-05,7.93217E+09,0.0373,7.0000E-05,6.29142E+09,0.0407,8.0000E-05,5.97180E+09,0.0420,9.0000E-05,5.23836E+09,0.0457,1.0000E-04,4.81556E+09,0.0480,2.0000E-04,3.28399E+10,0.0215,3.0000E-04,2.14830E+10,0.0256,4.0000E-04,1.59390E+10,0.0289,5.0000E-04,1.26603E+10,0.0324,6.0000E-04,9.79685E+09,0.0352,7.0000E-04,9.64422E+09,0.0361,8.0000E-04,7.84730E+09,0.0398,9.0000E-04,6.64483E+09,0.0426,1.0000E-03,6.35177E+09,0.0430,2.0000E-03,4.33871E+10,0.0202,3.0000E-03,2.66542E+10,0.0243,4.0000E-03,1.92179E+10,0.0275,5.0000E-03,1.50904E+10,0.0310,6.0000E-03,1.22603E+10,0.0331,7.0000E-03,1.07090E+10,0.0352,8.0000E-03,8.54291E+09,0.0381,9.0000E-03,8.15381E+09,0.0399,1.0000E-02,7.22330E+09,0.0428,2.0000E-02,5.01855E+10,0.0191,3.0000E-02,3.30108E+10,0.0224,4.0000E-02,2.27248E+10,0.0254,5.0000E-02,1.98577E+10,0.0271,6.0000E-02,1.66452E+10,0.0298,7.0000E-02,1.54184E+10,0.0305,8.0000E-02,1.39163E+10,0.0315,9.0000E-02,1.12736E+10,0.0338,1.0000E-01,1.07423E+10,0.0351,2.0000E-01,8.72374E+10,0.0149,3.0000E-01,6.45561E+10,0.0164,4.0000E-01,5.37571E+10,0.0174,5.0000E-01,4.39766E+10,0.0190,6.0000E-01,4.12099E+10,0.0197,7.0000E-01,3.86672E+10,0.0206,8.0000E-01,3.58636E+10,0.0212,9.0000E-01,3.17447E+10,0.0223,1.0000E+00,2.90832E+10,0.0238,2.0000E+00,2.05085E+11,0.0102,3.0000E+00,1.07048E+11,0.0136,4.0000E+00,4.93138E+10,0.0198,5.0000E+00,2.78525E+10,0.0262,6.0000E+00,1.55386E+10,0.0367,7.0000E+00,7.10213E+09,0.0529,8.0000E+00,3.35120E+09,0.0772,9.0000E+00,1.60105E+09,0.1105,1.0000E+01,8.14067E+08,0.1615,2.0000E+01,9.77698E+08,0.1587,3.0000E+01,0.00000E+00,0.0000,4.0000E+01,0.00000E+00,0.0000,5.0000E+01,0.00000E+00,0.0000,6.0000E+01,0.00000E+00,0.0000,7.0000E+01,0.00000E+00,0.0000,8.0000E+01,0.00000E+00,0.0000,9.0000E+01,0.00000E+00,0.0000,1.0000E+02,0.00000E+00,0.0000,2.0000E+02,0.00000E+00,0.0000,3.0000E+02,0.00000E+00,0.0000,4.0000E+02,0.00000E+00,0.0000,5.0000E+02,0.00000E+00,0.0000,6.0000E+02,0.00000E+00,0.0000,7.0000E+02,0.00000E+00,0.0000,8.0000E+02,0.00000E+00,0.0000,9.0000E+02,0.00000E+00,0.0000,1.0000E+03,0.00000E+00,0.0000,2.0000E+03,0.00000E+00,0.0000,3.0000E+03,0.00000E+00,0.0000,4.0000E+03,0.00000E+00,0.0000,5.0000E+03,0.00000E+00,0.0000,6.0000E+03,0.00000E+00,0.0000,7.0000E+03,0.00000E+00,0.0000,8.0000E+03,0.00000E+00,0.0000,9.0000E+03,0.00000E+00,0.0000
3134,reg rod poison (250 kW spectrum),3.34271E+02,1.0000E-08,1.65360E+08,0.0418,2.0000E-08,6.48433E+08,0.0262,3.0000E-08,1.01437E+09,0.0234,4.0000E-08,1.30218E+09,0.0230,5.0000E-08,1.38657E+09,0.0235,6.0000E-08,1.36447E+09,0.0251,7.0000E-08,1.32683E+09,0.0264,8.0000E-08,1.13743E+09,0.0300,9.0000E-08,1.00360E+09,0.0329,1.0000E-07,9.06719E+08,0.0384,2.0000E-07,4.24572E+09,0.0192,3.0000E-07,1.65616E+09,0.0363,4.0000E-07,1.33940E+09,0.0441,5.0000E-07,1.11599E+09,0.0501,6.0000E-07,1.01456E+09,0.0555,7.0000E-07,9.55502E+08,0.0611,8.0000E-07,8.72779E+08,0.0652,9.0000E-07,8.00428E+08,0.0709,1.0000E-06,7.25747E+08,0.0816,2.0000E-06,5.79542E+09,0.0297,3.0000E-06,4.39660E+09,0.0372,4.0000E-06,3.26406E+09,0.0451,5.0000E-06,2.97943E+09,0.0478,6.0000E-06,2.41380E+09,0.0550,7.0000E-06,2.09600E+09,0.0590,8.0000E-06,2.15635E+09,0.0624,9.0000E-06,1.89817E+09,0.0623,1.0000E-05,2.07055E+09,0.0610,2.0000E-05,1.42781E+10,0.0273,3.0000E-05,9.57411E+09,0.0345,4.0000E-05,7.33275E+09,0.0387,5.0000E-05,6.32803E+09,0.0410,6.0000E-05,5.49752E+09,0.0451,7.0000E-05,5.07966E+09,0.0456,8.0000E-05,4.19872E+09,0.0509,9.0000E-05,3.85337E+09,0.0540,1.0000E-04,3.80306E+09,0.0549,2.0000E-04,2.70777E+10,0.0237,3.0000E-04,1.64263E+10,0.0296,4.0000E-04,1.19152E+10,0.0341,5.0000E-04,9.68718E+09,0.0375,6.0000E-04,7.99149E+09,0.0399,7.0000E-04,6.32553E+09,0.0439,8.0000E-04,6.30908E+09,0.0456,9.0000E-04,5.42847E+09,0.0491,1.0000E-03,4.82924E+09,0.0506,2.0000E-03,3.30657E+10,0.0232,3.0000E-03,1.89732E+10,0.0287,4.0000E-03,1.39293E+10,0.0324,5.0000E-03,1.14984E+10,0.0359,6.0000E-03,8.66833E+09,0.0395,7.0000E-03,7.63083E+09,0.0414,8.0000E-03,6.65361E+09,0.0448,9.0000E-03,6.03149E+09,0.0463,1.0000E-02,5.55855E+09,0.0481,2.0000E-02,3.81415E+10,0.0220,3.0000E-02,2.40585E+10,0.0260,4.0000E-02,1.80715E+10,0.0295,5.0000E-02,1.49742E+10,0.0315,6.0000E-02,1.24079E+10,0.0335,7.0000E-02,1.15225E+10,0.0338,8.0000E-02,1.06124E+10,0.0362,9.0000E-02,8.60268E+09,0.0387,1.0000E-01,8.35743E+09,0.0405,2.0000E-01,6.44126E+10,0.0173,3.0000E-01,4.66669E+10,0.0192,4.0000E-01,3.91476E+10,0.0202,5.0000E-01,3.19836E+10,0.0225,6.0000E-01,3.03487E+10,0.0229,7.0000E-01,2.81194E+10,0.0242,8.0000E-01,2.59384E+10,0.0252,9.0000E-01,2.50312E+10,0.0258,1.0000E+00,2.18659E+10,0.0275,2.0000E+00,1.46986E+11,0.0119,3.0000E+00,7.71541E+10,0.0158,4.0000E+00,3.56976E+10,0.0229,5.0000E+00,2.01394E+10,0.0313,6.0000E+00,9.92161E+09,0.0444,7.0000E+00,5.44429E+09,0.0616,8.0000E+00,2.78775E+09,0.1067,9.0000E+00,1.19819E+09,0.1281,1.0000E+01,5.55503E+08,0.1727,2.0000E+01,5.79348E+08,0.1680,3.0000E+01,0.00000E+00,0.0000,4.0000E+01,0.00000E+00,0.0000,5.0000E+01,0.00000E+00,0.0000,6.0000E+01,0.00000E+00,0.0000,7.0000E+01,0.00000E+00,0.0000,8.0000E+01,0.00000E+00,0.0000,9.0000E+01,0.00000E+00,0.0000,1.0000E+02,0.00000E+00,0.0000,2.0000E+02,0.00000E+00,0.0000,3.0000E+02,0.00000E+00,0.0000,4.0000E+02,0.00000E+00,0.0000,5.0000E+02,0.00000E+00,0.0000,6.0000E+02,0.00000E+00,0.0000,7.0000E+02,0.00000E+00,0.0000,8.0000E+02,0.00000E+00,0.0000,9.0000E+02,0.00000E+00,0.0000,1.0000E+03,0.00000E+00,0.0000,2.0000E+03,0.00000E+00,0.0000,3.0000E+03,0.00000E+00,0.0000,4.0000E+03,0.00000E+00,0.0000,5.0000E+03,0.00000E+00,0.0000,6.0000E+03,0.00000E+00,0.0000,7.0000E+03,0.00000E+00,0.0000,8.0000E+03,0.00000E+00,0.0000,9.0000E+03,0.00000E+00,0.0000
3204,rabbit inner vial (250 kW spectrum),1.79156E+00,1.0000E-08,1.42751E+11,0.0730,2.0000E-08,3.00726E+11,0.0520,3.0000E-08,3.78686E+11,0.0468,4.0000E-08,3.27111E+11,0.0493,5.0000E-08,3.26674E+11,0.0494,6.0000E-08,2.40792E+11,0.0583,7.0000E-08,2.15262E+11,0.0609,8.0000E-08,1.48537E+11,0.0719,9.0000E-08,1.50514E+11,0.0760,1.0000E-07,9.60757E+10,0.0926,2.0000E-07,4.25756E+11,0.0471,3.0000E-07,9.29057E+10,0.1091,4.0000E-07,4.85738E+10,0.1417,5.0000E-07,3.99902E+10,0.1776,6.0000E-07,3.86281E+10,0.1628,7.0000E-07,2.01403E+10,0.2180,8.0000E-07,2.94821E+10,0.1883,9.0000E-07,1.70139E+10,0.2365,1.0000E-06,1.24331E+10,0.3047,2.0000E-06,1.23854E+11,0.0930,3.0000E-06,6.94578E+10,0.1349,4.0000E-06,5.48640E+10,0.1364,5.0000E-06,3.82739E+10,0.1688,6.0000E-06,2.29376E+10,0.2138,7.0000E-06,2.30224E+10,0.2107,8.0000E-06,2.46637E+10,0.2009,9.0000E-06,1.61722E+10,0.2370,1.0000E-05,9.91159E+09,0.3014,2.0000E-05,1.18668E+11,0.0957,3.0000E-05,5.65892E+10,0.1329,4.0000E-05,4.53174E+10,0.1475,5.0000E-05,3.50377E+10,0.1876,6.0000E-05,2.57904E+10,0.2102,7.0000E-05,1.93958E+10,0.2262,8.0000E-05,1.94769E+10,0.2312,9.0000E-05,1.52491E+10,0.2568,1.0000E-04,1.82190E+10,0.2222,2.0000E-04,1.03415E+11,0.0996,3.0000E-04,6.12341E+10,0.1311,4.0000E-04,6.88699E+10,0.1269,5.0000E-04,3.65387E+10,0.1724,6.0000E-04,3.07441E+10,0.1815,7.0000E-04,2.94026E+10,0.1995,8.0000E-04,2.73706E+10,0.2010,9.0000E-04,2.55993E+10,0.1975,1.0000E-03,1.56909E+10,0.2358,2.0000E-03,1.04957E+11,0.0969,3.0000E-03,7.00204E+10,0.1296,4.0000E-03,5.25659E+10,0.1418,5.0000E-03,5.00824E+10,0.1508,6.0000E-03,4.41955E+10,0.1601,7.0000E-03,3.40760E+10,0.1733,8.0000E-03,2.31413E+10,0.2109,9.0000E-03,1.73620E+10,0.2377,1.0000E-02,1.42954E+10,0.2727,2.0000E-02,1.24720E+11,0.0929,3.0000E-02,1.05744E+11,0.1039,4.0000E-02,5.44370E+10,0.1433,5.0000E-02,4.86974E+10,0.1614,6.0000E-02,3.25904E+10,0.1820,7.0000E-02,4.44728E+10,0.1619,8.0000E-02,4.97563E+10,0.1505,9.0000E-02,3.33601E+10,0.1792,1.0000E-01,3.08750E+10,0.1850,2.0000E-01,1.92775E+11,0.0735,3.0000E-01,1.67563E+11,0.0845,4.0000E-01,1.24258E+11,0.0928,5.0000E-01,1.09016E+11,0.0973,6.0000E-01,1.05155E+11,0.1043,7.0000E-01,1.01744E+11,0.1023,8.0000E-01,1.07876E+11,0.1025,9.0000E-01,8.30201E+10,0.1169,1.0000E+00,6.56735E+10,0.1234,2.0000E+00,4.89286E+11,0.0471,3.0000E+00,2.48594E+11,0.0641,4.0000E+00,1.29560E+11,0.0900,5.0000E+00,7.06854E+10,0.1234,6.0000E+00,2.45832E+10,0.2061,7.0000E+00,1.48175E+10,0.2677,8.0000E+00,1.13810E+10,0.3334,9.0000E+00,5.00382E+09,0.5156,1.0000E+01,6.85117E+09,0.3917,2.0000E+01,4.34383E+07,1.0000,3.0000E+01,0.00000E+00,0.0000,4.0000E+01,0.00000E+00,0.0000,5.0000E+01,0.00000E+00,0.0000,6.0000E+01,0.00000E+00,0.0000,7.0000E+01,0.00000E+00,0.0000,8.0000E+01,0.00000E+00,0.0000,9.0000E+01,0.00000E+00,0.0000,1.0000E+02,0.00000E+00,0.0000,2.0000E+02,0.00000E+00,0.0000,3.0000E+02,0.00000E+00,0.0000,4.0000E+02,0.00000E+00,0.0000,5.0000E+02,0.00000E+00,0.0000,6.0000E+02,0.00000E+00,0.0000,7.0000E+02,0.00000E+00,0.0000,8.0000E+02,0.00000E+00,0.0000,9.0000E+02,0.00000E+00,0.0000,1.0000E+03,0.00000E+00,0.0000,2.0000E+03,0.00000E+00,0.0000,3.0000E+03,0.00000E+00,0.0000,4.0000E+03,0.00000E+00,0.0000,5.0000E+03,0.00000E+00,0.0000,6.0000E+03,0.00000E+00,0.0000,7.0000E+03,0.00000E+00,0.0000,8.0000E+03,0.00000E+00,0.0000,9.0000E+03,0.00000E+00,0.0000
3214,ls 1 triga tube (250 kW spectrum),2.21913E+02,1.0000E-08,3.86287E+10,0.0243,2.0000E-08,9.03555E+10,0.0162,3.0000E-08,1.06031E+11,0.0151,4.0000E-08,1.07777E+11,0.0146,5.0000E-08,9.78645E+10,0.0152,6.0000E-08,8.26670E+10,0.0170,7.0000E-08,6.83769E+10,0.0184,8.0000E-08,5.61529E+10,0.0204,9.0000E-08,4.34370E+10,0.0232,1.0000E-07,3.44952E+10,0.0261,2.0000E-07,1.26394E+11,0.0151,3.0000E-07,2.75776E+10,0.0356,4.0000E-07,1.42848E+10,0.0523,5.0000E-07,1.08006E+10,0.0544,6.0000E-07,8.18899E+09,0.0597,7.0000E-07,6.02380E+09,0.0730,8.0000E-07,5.47917E+09,0.0769,9.0000E-07,5.07821E+09,0.0774,1.0000E-06,4.76587E+09,0.0895,2.0000E-06,2.99703E+10,0.0344,3.0000E-06,1.86918E+10,0.0429,4.0000E-06,1.32653E+10,0.0529,5.0000E-06,1.01729E+10,0.0559,6.0000E-06,7.69571E+09,0.0628,7.0000E-06,6.34479E+09,0.0730,8.0000E-06,5.46246E+09,0.0763,9.0000E-06,4.87812E+09,0.0835,1.0000E-05,4.30526E+09,0.0876,2.0000E-05,3.03325E+10,0.0340,3.0000E-05,1.72644E+10,0.0438,4.0000E-05,1.29163E+10,0.0549,5.0000E-05,1.07035E+10,0.0549,6.0000E-05,8.46594E+09,0.0606,7.0000E-05,6.58194E+09,0.0701,8.0000E-05,5.76383E+09,0.0736,9.0000E-05,4.13451E+09,0.0844,1.0000E-04,4.58862E+09,0.0880,2.0000E-04,2.99158E+10,0.0342,3.0000E-04,1.91436E+10,0.0420,4.0000E-04,1.36062E+10,0.0514,5.0000E-04,1.03193E+10,0.0564,6.0000E-04,8.41670E+09,0.0609,7.0000E-04,6.53180E+09,0.0724,8.0000E-04,5.48818E+09,0.0782,9.0000E-04,6.30251E+09,0.0722,1.0000E-03,4.98706E+09,0.0795,2.0000E-03,3.34544E+10,0.0327,3.0000E-03,2.10884E+10,0.0399,4.0000E-03,1.49978E+10,0.0494,5.0000E-03,1.24528E+10,0.0535,6.0000E-03,9.13808E+09,0.0603,7.0000E-03,7.90562E+09,0.0651,8.0000E-03,7.07585E+09,0.0658,9.0000E-03,7.42607E+09,0.0673,1.0000E-02,6.39092E+09,0.0724,2.0000E-02,4.27688E+10,0.0291,3.0000E-02,2.78980E+10,0.0346,4.0000E-02,1.30127E+10,0.0531,5.0000E-02,1.37901E+10,0.0501,6.0000E-02,1.28706E+10,0.0556,7.0000E-02,1.35220E+10,0.0494,8.0000E-02,1.36262E+10,0.0505,9.0000E-02,4.82291E+09,0.0980,1.0000E-01,4.35098E+09,0.0816,2.0000E-01,5.50086E+10,0.0265,3.0000E-01,3.30569E+10,0.0331,4.0000E-01,2.75290E+10,0.0361,5.0000E-01,2.15244E+10,0.0408,6.0000E-01,1.78863E+10,0.0423,7.0000E-01,1.77454E+10,0.0440,8.0000E-01,1.44925E+10,0.0483,9.0000E-01,1.19636E+10,0.0532,1.0000E+00,1.08853E+10,0.0576,2.0000E+00,7.58924E+10,0.0213,3.0000E+00,2.88076E+10,0.0333,4.0000E+00,1.04967E+10,0.0541,5.0000E+00,6.62605E+09,0.0655,6.0000E+00,4.81263E+09,0.0810,7.0000E+00,1.36514E+09,0.1430,8.0000E+00,6.86893E+08,0.1976,9.0000E+00,3.27504E+08,0.2880,1.0000E+01,1.55745E+08,0.3619,2.0000E+01,1.95015E+08,0.3886,3.0000E+01,0.00000E+00,0.0000,4.0000E+01,0.00000E+00,0.0000,5.0000E+01,0.00000E+00,0.0000,6.0000E+01,0.00000E+00,0.0000,7.0000E+01,0.00000E+00,0.0000,8.0000E+01,0.00000E+00,0.0000,9.0000E+01,0.00000E+00,0.0000,1.0000E+02,0.00000E+00,0.0000,2.0000E+02,0.00000E+00,0.0000,3.0000E+02,0.00000E+00,0.0000,4.0000E+02,0.00000E+00,0.0000,5.0000E+02,0.00000E+00,0.0000,6.0000E+02,0.00000E+00,0.0000,7.0000E+02,0.00000E+00,0.0000,8.0000E+02,0.00000E+00,0.0000,9.0000E+02,0.00000E+00,0.0000,1.0000E+03,0.00000E+00,0.0000,2.0000E+03,0.00000E+00,0.0000,3.0000E+03,0.00000E+00,0.0000,4.0000E+03,0.00000E+00,0.0000,5.0000E+03,0.00000E+00,0.0000,6.0000E+03,0.00000E+00,0.0000,7.0000E+03,0.00000E+00,0.0000,8.0000E+03,0.00000E+00,0.0000,9.0000E+03,0.00000E+00,0.0000
3224,ls 11 triga tube (250 kW spectrum),2.21913E+02,1.0000E-08,3.75449E+10,0.0236,2.0000E-08,9.24276E+10,0.0153,3.0000E-08,1.10338E+11,0.0143,4.0000E-08,1.07879E+11,0.0142,5.0000E-08,9.87031E+10,0.0151,6.0000E-08,8.52115E+10,0.0162,7.0000E-08,6.76013E+10,0.0179,8.0000E-08,5.67593E+10,0.0203,9.0000E-08,4.36419E+10,0.0225,1.0000E-07,3.41004E+10,0.0249,2.0000E-07,1.23339E+11,0.0146,3.0000E-07,2.40036E+10,0.0364,4.0000E-07,1.28898E+10,0.0501,5.0000E-07,8.86572E+09,0.0593,6.0000E-07,7.32003E+09,0.0682,7.0000E-07,6.46268E+09,0.0702,8.0000E-07,5.00644E+09,0.0783,9.0000E-07,4.23068E+09,0.0873,1.0000E-06,3.44853E+09,0.0913,2.0000E-06,2.75641E+10,0.0382,3.0000E-06,1.43192E+10,0.0485,4.0000E-06,9.51972E+09,0.0590,5.0000E-06,7.99424E+09,0.0648,6.0000E-06,6.73973E+09,0.0689,7.0000E-06,5.76587E+09,0.0835,8.0000E-06,4.82908E+09,0.0775,9.0000E-06,4.88073E+09,0.0913,1.0000E-05,4.09390E+09,0.0886,2.0000E-05,2.66712E+10,0.0358,3.0000E-05,1.51730E+10,0.0485,4.0000E-05,1.09289E+10,0.0570,5.0000E-05,8.04704E+09,0.0684,6.0000E-05,6.70998E+09,0.0745,7.0000E-05,4.96441E+09,0.0765,8.0000E-05,4.81173E+09,0.0794,9.0000E-05,4.56696E+09,0.0869,1.0000E-04,3.73907E+09,0.0859,2.0000E-04,2.63124E+10,0.0360,3.0000E-04,1.61284E+10,0.0457,4.0000E-04,1.19444E+10,0.0563,5.0000E-04,8.13234E+09,0.0630,6.0000E-04,7.35411E+09,0.0692,7.0000E-04,6.40189E+09,0.0760,8.0000E-04,5.05974E+09,0.0797,9.0000E-04,4.86697E+09,0.0939,1.0000E-03,3.77225E+09,0.0895,2.0000E-03,2.66656E+10,0.0355,3.0000E-03,1.74790E+10,0.0438,4.0000E-03,1.21073E+10,0.0524,5.0000E-03,9.66565E+09,0.0638,6.0000E-03,7.37537E+09,0.0647,7.0000E-03,6.87931E+09,0.0742,8.0000E-03,5.95445E+09,0.0711,9.0000E-03,5.30827E+09,0.0812,1.0000E-02,5.12381E+09,0.0755,2.0000E-02,3.71778E+10,0.0313,3.0000E-02,2.30549E+10,0.0385,4.0000E-02,1.16452E+10,0.0597,5.0000E-02,1.03529E+10,0.0560,6.0000E-02,1.03148E+10,0.0554,7.0000E-02,1.02975E+10,0.0556,8.0000E-02,1.18242E+10,0.0551,9.0000E-02,3.91049E+09,0.0940,1.0000E-01,4.15199E+09,0.0844,2.0000E-01,4.31020E+10,0.0295,3.0000E-01,2.68137E+10,0.0356,4.0000E-01,2.08743E+10,0.0403,5.0000E-01,1.73897E+10,0.0433,6.0000E-01,1.43270E+10,0.0475,7.0000E-01,1.35695E+10,0.0510,8.0000E-01,1.15818E+10,0.0518,9.0000E-01,1.06197E+10,0.0573,1.0000E+00,9.43402E+09,0.0587,2.0000E+00,6.02025E+10,0.0238,3.0000E+00,2.59844E+10,0.0358,4.0000E+00,9.44481E+09,0.0573,5.0000E+00,5.77944E+09,0.0707,6.0000E+00,3.00568E+09,0.0970,7.0000E+00,1.41542E+09,0.1456,8.0000E+00,8.24428E+08,0.1975,9.0000E+00,3.27338E+08,0.2799,1.0000E+01,2.41659E+08,0.3293,2.0000E+01,1.05701E+08,0.5147,3.0000E+01,0.00000E+00,0.0000,4.0000E+01,0.00000E+00,0.0000,5.0000E+01,0.00000E+00,0.0000,6.0000E+01,0.00000E+00,0.0000,7.0000E+01,0.00000E+00,0.0000,8.0000E+01,0.00000E+00,0.0000,9.0000E+01,0.00000E+00,0.0000,1.0000E+02,0.00000E+00,0.0000,2.0000E+02,0.00000E+00,0.0000,3.0000E+02,0.00000E+00,0.0000,4.0000E+02,0.00000E+00,0.0000,5.0000E+02,0.00000E+00,0.0000,6.0000E+02,0.00000E+00,0.0000,7.0000E+02,0.00000E+00,0.0000,8.0000E+02,0.00000E+00,0.0000,9.0000E+02,0.00000E+00,0.0000,1.0000E+03,0.00000E+00,0.0000,2.0000E+03,0.00000E+00,0.0000,3.0000E+03,0.00000E+00,0.0000,4.0000E+03,0.00000E+00,0.0000,5.0000E+03,0.00000E+00,0.0000,6.0000E+03,0.00000E+00,0.0000,7.0000E+03,0.00000E+00,0.0000,8.0000E+03,0.00000E+00,0.0000,9.0000E+03,0.00000E+00,0.0000
3234,ls 21 triga tube (250 kW spectrum),2.02774E+02,1.0000E-08,3.71526E+10,0.0246,2.0000E-08,8.59151E+10,0.0164,3.0000E-08,1.09362E+11,0.0152,4.0000E-08,1.03353E+11,0.0152,5.0000E-08,9.68990E+10,0.0162,6.0000E-08,7.96521E+10,0.0176,7.0000E-08,6.74634E+10,0.0186,8.0000E-08,5.30568E+10,0.0212,9.0000E-08,4.20652E+10,0.0241,1.0000E-07,3.36277E+10,0.0269,2.0000E-07,1.18320E+11,0.0158,3.0000E-07,2.57083E+10,0.0365,4.0000E-07,1.38428E+10,0.0479,5.0000E-07,1.08129E+10,0.0600,6.0000E-07,8.12700E+09,0.0688,7.0000E-07,6.02255E+09,0.0724,8.0000E-07,5.20119E+09,0.0805,9.0000E-07,5.91332E+09,0.0879,1.0000E-06,4.55876E+09,0.0978,2.0000E-06,2.73142E+10,0.0360,3.0000E-06,1.59584E+10,0.0450,4.0000E-06,1.20618E+10,0.0554,5.0000E-06,8.43027E+09,0.0645,6.0000E-06,7.79764E+09,0.0649,7.0000E-06,6.85885E+09,0.0696,8.0000E-06,5.59224E+09,0.0778,9.0000E-06,5.18761E+09,0.0794,1.0000E-05,4.74583E+09,0.0825,2.0000E-05,2.93062E+10,0.0351,3.0000E-05,1.68587E+10,0.0467,4.0000E-05,1.15084E+10,0.0593,5.0000E-05,8.98392E+09,0.0617,6.0000E-05,7.74469E+09,0.0705,7.0000E-05,7.02858E+09,0.0738,8.0000E-05,4.65844E+09,0.0817,9.0000E-05,5.02569E+09,0.0786,1.0000E-04,4.17988E+09,0.0923,2.0000E-04,3.09127E+10,0.0348,3.0000E-04,1.75383E+10,0.0449,4.0000E-04,1.20357E+10,0.0560,5.0000E-04,1.00665E+10,0.0587,6.0000E-04,7.63863E+09,0.0689,7.0000E-04,6.25747E+09,0.0718,8.0000E-04,6.01122E+09,0.0854,9.0000E-04,5.07696E+09,0.0797,1.0000E-03,5.09136E+09,0.0799,2.0000E-03,3.13788E+10,0.0333,3.0000E-03,2.05352E+10,0.0439,4.0000E-03,1.51652E+10,0.0486,5.0000E-03,1.15348E+10,0.0567,6.0000E-03,8.99897E+09,0.0611,7.0000E-03,7.85404E+09,0.0678,8.0000E-03,6.59624E+09,0.0696,9.0000E-03,6.60466E+09,0.0815,1.0000E-02,4.93997E+09,0.0799,2.0000E-02,4.05486E+10,0.0306,3.0000E-02,2.89995E+10,0.0356,4.0000E-02,1.21693E+10,0.0545,5.0000E-02,1.24834E+10,0.0532,6.0000E-02,1.33114E+10,0.0543,7.0000E-02,1.16953E+10,0.0531,8.0000E-02,1.34708E+10,0.0517,9.0000E-02,5.03220E+09,0.0834,1.0000E-01,4.72340E+09,0.0962,2.0000E-01,5.36417E+10,0.0275,3.0000E-01,3.54687E+10,0.0340,4.0000E-01,2.66583E+10,0.0371,5.0000E-01,2.00540E+10,0.0440,6.0000E-01,1.76543E+10,0.0436,7.0000E-01,1.60462E+10,0.0491,8.0000E-01,1.40530E+10,0.0477,9.0000E-01,1.10046E+10,0.0534,1.0000E+00,1.14784E+10,0.0556,2.0000E+00,7.31552E+10,0.0224,3.0000E+00,2.96199E+10,0.0348,4.0000E+00,1.07526E+10,0.0558,5.0000E+00,7.01145E+09,0.0680,6.0000E+00,3.66894E+09,0.0945,7.0000E+00,1.91740E+09,0.1418,8.0000E+00,6.25285E+08,0.2076,9.0000E+00,3.15099E+08,0.2861,1.0000E+01,1.07685E+08,0.4710,2.0000E+01,2.01435E+08,0.3841,3.0000E+01,0.00000E+00,0.0000,4.0000E+01,0.00000E+00,0.0000,5.0000E+01,0.00000E+00,0.0000,6.0000E+01,0.00000E+00,0.0000,7.0000E+01,0.00000E+00,0.0000,8.0000E+01,0.00000E+00,0.0000,9.0000E+01,0.00000E+00,0.0000,1.0000E+02,0.00000E+00,0.0000,2.0000E+02,0.00000E+00,0.0000,3.0000E+02,0.00000E+00,0.0000,4.0000E+02,0.00000E+00,0.0000,5.0000E+02,0.00000E+00,0.0000,6.0000E+02,0.00000E+00,0.0000,7.0000E+02,0.00000E+00,0.0000,8.0000E+02,0.00000E+00,0.0000,9.0000E+02,0.00000E+00,0.0000,1.0000E+03,0.00000E+00,0.0000,2.0000E+03,0.00000E+00,0.0000,3.0000E+03,0.00000E+00,0.0000,4.0000E+03,0.00000E+00,0.0000,5.0000E+03,0.00000E+00,0.0000,6.0000E+03,0.00000E+00,0.0000,7.0000E+03,0.00000E+00,0.0000,8.0000E+03,0.00000E+00,0.0000,9.0000E+03,0.00000E+00,0.0000
3244,ls 31 triga tube (250 kW spectrum),2.02774E+02,1.0000E-08,4.07152E+10,0.0238,2.0000E-08,9.52089E+10,0.0159,3.0000E-08,1.17176E+11,0.0146,4.0000E-08,1.10712E+11,0.0145,5.0000E-08,1.03670E+11,0.0154,6.0000E-08,8.98863E+10,0.0164,7.0000E-08,7.23549E+10,0.0179,8.0000E-08,5.91390E+10,0.0198,9.0000E-08,4.64121E+10,0.0225,1.0000E-07,3.68757E+10,0.0263,2.0000E-07,1.32369E+11,0.0149,3.0000E-07,2.50580E+10,0.0354,4.0000E-07,1.48052E+10,0.0474,5.0000E-07,1.03517E+10,0.0555,6.0000E-07,8.94270E+09,0.0592,7.0000E-07,7.29450E+09,0.0709,8.0000E-07,5.82222E+09,0.0806,9.0000E-07,6.42216E+09,0.0715,1.0000E-06,4.79919E+09,0.0805,2.0000E-06,3.12940E+10,0.0353,3.0000E-06,1.82902E+10,0.0453,4.0000E-06,1.34197E+10,0.0560,5.0000E-06,1.08430E+10,0.0559,6.0000E-06,7.74118E+09,0.0666,7.0000E-06,6.99529E+09,0.0734,8.0000E-06,6.52150E+09,0.0761,9.0000E-06,5.27717E+09,0.0815,1.0000E-05,4.53486E+09,0.0828,2.0000E-05,3.12914E+10,0.0350,3.0000E-05,1.86260E+10,0.0445,4.0000E-05,1.19145E+10,0.0525,5.0000E-05,9.43777E+09,0.0581,6.0000E-05,8.03287E+09,0.0656,7.0000E-05,6.97238E+09,0.0739,8.0000E-05,6.10607E+09,0.0729,9.0000E-05,5.40921E+09,0.0822,1.0000E-04,4.26604E+09,0.0866,2.0000E-04,3.13856E+10,0.0340,3.0000E-04,1.88905E+10,0.0449,4.0000E-04,1.38629E+10,0.0502,5.0000E-04,1.12767E+10,0.0557,6.0000E-04,7.57690E+09,0.0638,7.0000E-04,7.68379E+09,0.0681,8.0000E-04,5.85646E+09,0.0791,9.0000E-04,5.62592E+09,0.0771,1.0000E-03,5.65251E+09,0.0784,2.0000E-03,3.39764E+10,0.0323,3.0000E-03,1.96297E+10,0.0433,4.0000E-03,1.48230E+10,0.0498,5.0000E-03,1.27756E+10,0.0527,6.0000E-03,8.86821E+09,0.0652,7.0000E-03,8.36616E+09,0.0606,8.0000E-03,7.62827E+09,0.0651,9.0000E-03,7.37451E+09,0.0750,1.0000E-02,6.11202E+09,0.0726,2.0000E-02,4.14801E+10,0.0298,3.0000E-02,3.06531E+10,0.0332,4.0000E-02,1.29586E+10,0.0529,5.0000E-02,1.48791E+10,0.0470,6.0000E-02,1.29535E+10,0.0512,7.0000E-02,1.26106E+10,0.0524,8.0000E-02,1.28093E+10,0.0502,9.0000E-02,5.42735E+09,0.0867,1.0000E-01,3.69768E+09,0.0908,2.0000E-01,5.44995E+10,0.0274,3.0000E-01,3.14189E+10,0.0348,4.0000E-01,2.61339E+10,0.0377,5.0000E-01,2.11625E+10,0.0420,6.0000E-01,1.85789E+10,0.0435,7.0000E-01,1.63127E+10,0.0459,8.0000E-01,1.44341E+10,0.0489,9.0000E-01,1.10259E+10,0.0585,1.0000E+00,1.16077E+10,0.0571,2.0000E+00,7.32253E+10,0.0218,3.0000E+00,2.91375E+10,0.0340,4.0000E+00,1.11532E+10,0.0534,5.0000E+00,6.44142E+09,0.0679,6.0000E+00,3.51598E+09,0.0915,7.0000E+00,1.54889E+09,0.1335,8.0000E+00,9.95469E+08,0.1661,9.0000E+00,2.65118E+08,0.3115,1.0000E+01,8.81369E+07,0.5198,2.0000E+01,2.33883E+08,0.3465,3.0000E+01,0.00000E+00,0.0000,4.0000E+01,0.00000E+00,0.0000,5.0000E+01,0.00000E+00,0.0000,6.0000E+01,0.00000E+00,0.0000,7.0000E+01,0.00000E+00,0.0000,8.0000E+01,0.00000E+00,0.0000,9.0000E+01,0.00000E+00,0.0000,1.0000E+02,0.00000E+00,0.0000,2.0000E+02,0.00000E+00,0.0000,3.0000E+02,0.00000E+00,0.0000,4.0000E+02,0.00000E+00,0.0000,5.0000E+02,0.00000E+00,0.0000,6.0000E+02,0.00000E+00,0.0000,7.0000E+02,0.00000E+00,0.0000,8.0000E+02,0.00000E+00,0.0000,9.0000E+02,0.00000E+00,0.0000,1.0000E+03,0.00000E+00,0.0000,2.0000E+03,0.00000E+00,0.0000,3.0000E+03,0.00000E+00,0.0000,4.0000E+03,0.00000E+00,0.0000,5.0000E+03,0.00000E+00,0.0000,6.0000E+03,0.00000E+00,0.0000,7.0000E+03,0.00000E+00,0.0000,8.0000E+03,0.00000E+00,0.0000,9.0000E+03,0.00000E+00,0.0000
3314,linear channel (250 kW spectrum),1.07644E+04,1.0000E-08,4.51093E+09,0.0185,2.0000E-08,1.09160E+10,0.0126,3.0000E-08,1.32850E+10,0.0114,4.0000E-08,1.31031E+10,0.0114,5.0000E-08,1.19343E+10,0.0117,6.0000E-08,9.99318E+09,0.0124,7.0000E-08,8.19929E+09,0.0132,8.0000E-08,6.45820E+09,0.0146,9.0000E-08,5.04525E+09,0.0161,1.0000E-07,3.89338E+09,0.0179,2.0000E-07,1.18237E+10,0.0129,3.0000E-07,1.29971E+09,0.0396,4.0000E-07,5.83690E+08,0.0592,5.0000E-07,4.96181E+08,0.0648,6.0000E-07,3.62109E+08,0.0777,7.0000E-07,3.46812E+08,0.0735,8.0000E-07,2.53962E+08,0.0884,9.0000E-07,2.47215E+08,0.0853,1.0000E-06,2.22647E+08,0.0940,2.0000E-06,1.37476E+09,0.0427,3.0000E-06,6.90208E+08,0.0571,4.0000E-06,5.06265E+08,0.0650,5.0000E-06,3.59246E+08,0.0728,6.0000E-06,2.69214E+08,0.0863,7.0000E-06,2.65195E+08,0.0890,8.0000E-06,2.04110E+08,0.0932,9.0000E-06,2.43214E+08,0.0928,1.0000E-05,1.85009E+08,0.1028,2.0000E-05,1.19041E+09,0.0477,3.0000E-05,6.69649E+08,0.0595,4.0000E-05,3.84049E+08,0.0738,5.0000E-05,3.39066E+08,0.0780,6.0000E-05,3.04392E+08,0.0861,7.0000E-05,2.31776E+08,0.0876,8.0000E-05,1.71039E+08,0.0992,9.0000E-05,1.57721E+08,0.1058,1.0000E-04,1.62662E+08,0.1033,2.0000E-04,9.55772E+08,0.0525,3.0000E-04,6.33365E+08,0.0632,4.0000E-04,4.52907E+08,0.0735,5.0000E-04,3.40501E+08,0.0797,6.0000E-04,2.46592E+08,0.0951,7.0000E-04,2.43054E+08,0.0923,8.0000E-04,1.60020E+08,0.1107,9.0000E-04,1.54795E+08,0.1123,1.0000E-03,1.21984E+08,0.1242,2.0000E-03,9.03237E+08,0.0537,3.0000E-03,4.79247E+08,0.0711,4.0000E-03,3.32555E+08,0.0803,5.0000E-03,2.98941E+08,0.0839,6.0000E-03,1.92839E+08,0.0997,7.0000E-03,1.95412E+08,0.0992,8.0000E-03,1.65575E+08,0.1138,9.0000E-03,1.52693E+08,0.1187,1.0000E-02,1.19211E+08,0.1346,2.0000E-02,7.69068E+08,0.0558,3.0000E-02,5.97758E+08,0.0633,4.0000E-02,1.97671E+08,0.0871,5.0000E-02,1.95788E+08,0.0921,6.0000E-02,2.32766E+08,0.0957,7.0000E-02,2.65818E+08,0.0871,8.0000E-02,2.53413E+08,0.0791,9.0000E-02,7.06866E+07,0.0956,1.0000E-01,6.61024E+07,0.1093,2.0000E-01,9.92698E+08,0.0506,3.0000E-01,6.82661E+08,0.0579,4.0000E-01,5.75394E+08,0.0574,5.0000E-01,4.86342E+08,0.0610,6.0000E-01,4.11238E+08,0.0631,7.0000E-01,3.82581E+08,0.0669,8.0000E-01,3.23832E+08,0.0682,9.0000E-01,2.47869E+08,0.0761,1.0000E+00,2.46777E+08,0.0791,2.0000E+00,1.55221E+09,0.0390,3.0000E+00,6.63673E+08,0.0553,4.0000E+00,2.47389E+08,0.0847,5.0000E+00,2.69201E+08,0.0811,6.0000E+00,1.40785E+08,0.1073,7.0000E+00,6.69307E+07,0.1476,8.0000E+00,2.96603E+07,0.2233,9.0000E+00,1.55813E+07,0.3058,1.0000E+01,7.56883E+06,0.4122,2.0000E+01,6.03028E+06,0.4844,3.0000E+01,0.00000E+00,0.0000,4.0000E+01,0.00000E+00,0.0000,5.0000E+01,0.00000E+00,0.0000,6.0000E+01,0.00000E+00,0.0000,7.0000E+01,0.00000E+00,0.0000,8.0000E+01,0.00000E+00,0.0000,9.0000E+01,0.00000E+00,0.0000,1.0000E+02,0.00000E+00,0.0000,2.0000E+02,0.00000E+00,0.0000,3.0000E+02,0.00000E+00,0.0000,4.0000E+02,0.00000E+00,0.0000,5.0000E+02,0.00000E+00,0.0000,6.0000E+02,0.00000E+00,0.0000,7.0000E+02,0.00000E+00,0.0000,8.0000E+02,0.00000E+00,0.0000,9.0000E+02,0.00000E+00,0.0000,1.0000E+03,0.00000E+00,0.0000,2.0000E+03,0.00000E+00,0.0000,3.0000E+03,0.00000E+00,0.0000,4.0000E+03,0.00000E+00,0.0000,5.0000E+03,0.00000E+00,0.0000,6.0000E+03,0.00000E+00,0.0000,7.0000E+03,0.00000E+00,0.0000,8.0000E+03,0.00000E+00,0.0000,9.0000E+03,0.00000E+00,0.0000
3324,percent channel (250 kW spectrum),1.07644E+04,1.0000E-08,4.14949E+09,0.0189,2.0000E-08,1.00201E+10,0.0131,3.0000E-08,1.22472E+10,0.0120,4.0000E-08,1.22839E+10,0.0117,5.0000E-08,1.10198E+10,0.0120,6.0000E-08,9.36931E+09,0.0128,7.0000E-08,7.73240E+09,0.0137,8.0000E-08,5.96122E+09,0.0151,9.0000E-08,4.69503E+09,0.0166,1.0000E-07,3.60543E+09,0.0187,2.0000E-07,1.08654E+10,0.0132,3.0000E-07,1.29975E+09,0.0394,4.0000E-07,5.54976E+08,0.0617,5.0000E-07,4.08914E+08,0.0716,6.0000E-07,3.19049E+08,0.0759,7.0000E-07,3.18897E+08,0.0809,8.0000E-07,2.42044E+08,0.0913,9.0000E-07,2.60213E+08,0.0893,1.0000E-06,2.12779E+08,0.0947,2.0000E-06,1.19735E+09,0.0461,3.0000E-06,7.09523E+08,0.0577,4.0000E-06,4.83839E+08,0.0684,5.0000E-06,3.61464E+08,0.0772,6.0000E-06,2.92843E+08,0.0821,7.0000E-06,2.61129E+08,0.0848,8.0000E-06,2.39686E+08,0.0907,9.0000E-06,1.78702E+08,0.1001,1.0000E-05,1.66684E+08,0.1052,2.0000E-05,1.10498E+09,0.0484,3.0000E-05,5.84234E+08,0.0614,4.0000E-05,4.00849E+08,0.0726,5.0000E-05,3.05453E+08,0.0824,6.0000E-05,2.44784E+08,0.0893,7.0000E-05,2.06252E+08,0.0988,8.0000E-05,1.78104E+08,0.0993,9.0000E-05,1.57863E+08,0.1095,1.0000E-04,1.26831E+08,0.1177,2.0000E-04,9.07601E+08,0.0535,3.0000E-04,5.10712E+08,0.0683,4.0000E-04,4.01034E+08,0.0734,5.0000E-04,2.69824E+08,0.0880,6.0000E-04,2.71326E+08,0.0858,7.0000E-04,2.00483E+08,0.1004,8.0000E-04,1.58583E+08,0.1016,9.0000E-04,1.55867E+08,0.1122,1.0000E-03,1.19164E+08,0.1178,2.0000E-03,8.08702E+08,0.0541,3.0000E-03,4.86282E+08,0.0709,4.0000E-03,2.92197E+08,0.0865,5.0000E-03,2.33312E+08,0.0931,6.0000E-03,1.99392E+08,0.1005,7.0000E-03,1.66166E+08,0.1082,8.0000E-03,1.23474E+08,0.1245,9.0000E-03,9.99785E+07,0.1333,1.0000E-02,9.96164E+07,0.1391,2.0000E-02,7.03637E+08,0.0594,3.0000E-02,5.62493E+08,0.0686,4.0000E-02,2.01829E+08,0.0872,5.0000E-02,1.56902E+08,0.1044,6.0000E-02,1.53969E+08,0.1115,7.0000E-02,2.10558E+08,0.0919,8.0000E-02,1.97165E+08,0.0966,9.0000E-02,5.15154E+07,0.1125,1.0000E-01,4.91334E+07,0.1425,2.0000E-01,9.23041E+08,0.0529,3.0000E-01,6.55462E+08,0.0560,4.0000E-01,5.23807E+08,0.0605,5.0000E-01,3.56514E+08,0.0688,6.0000E-01,3.67666E+08,0.0677,7.0000E-01,3.48445E+08,0.0702,8.0000E-01,3.03640E+08,0.0714,9.0000E-01,2.23300E+08,0.0817,1.0000E+00,2.62236E+08,0.0847,2.0000E+00,1.58996E+09,0.0384,3.0000E+00,5.97026E+08,0.0590,4.0000E+00,2.39757E+08,0.0865,5.0000E+00,2.34033E+08,0.0928,6.0000E+00,1.59034E+08,0.1019,7.0000E+00,7.57659E+07,0.1415,8.0000E+00,2.62569E+07,0.2453,9.0000E+00,1.02092E+07,0.3620,1.0000E+01,5.82048E+06,0.4268,2.0000E+01,7.59721E+06,0.4846,3.0000E+01,0.00000E+00,0.0000,4.0000E+01,0.00000E+00,0.0000,5.0000E+01,0.00000E+00,0.0000,6.0000E+01,0.00000E+00,0.0000,7.0000E+01,0.00000E+00,0.0000,8.0000E+01,0.00000E+00,0.0000,9.0000E+01,0.00000E+00,0.0000,1.0000E+02,0.00000E+00,0.0000,2.0000E+02,0.00000E+00,0.0000,3.0000E+02,0.00000E+00,0.0000,4.0000E+02,0.00000E+00,0.0000,5.0000E+02,0.00000E+00,0.0000,6.0000E+02,0.00000E+00,0.0000,7.0000E+02,0.00000E+00,0.0000,8.0000E+02,0.00000E+00,0.0000,9.0000E+02,0.00000E+00,0.0000,1.0000E+03,0.00000E+00,0.0000,2.0000E+03,0.00000E+00,0.0000,3.0000E+03,0.00000E+00,0.0000,4.0000E+03,0.00000E+00,0.0000,5.0000E+03,0.00000E+00,0.0000,6.0000E+03,0.00000E+00,0.0000,7.0000E+03,0.00000E+00,0.0000,8.0000E+03,0.00000E+00,0.0000,9.0000E+03,0.00000E+00,0.0000
3334,log channel (250 kW spectrum),1.07644E+04,1.0000E-08,4.43375E+09,0.0181,2.0000E-08,1.06593E+10,0.0128,3.0000E-08,1.29947E+10,0.0116,4.0000E-08,1.28388E+10,0.0115,5.0000E-08,1.17543E+10,0.0117,6.0000E-08,9.79692E+09,0.0123,7.0000E-08,8.04275E+09,0.0133,8.0000E-08,6.48609E+09,0.0146,9.0000E-08,4.95203E+09,0.0163,1.0000E-07,3.87195E+09,0.0180,2.0000E-07,1.17974E+10,0.0130,3.0000E-07,1.36959E+09,0.0380,4.0000E-07,6.67112E+08,0.0575,5.0000E-07,4.88756E+08,0.0647,6.0000E-07,3.71392E+08,0.0745,7.0000E-07,3.07508E+08,0.0803,8.0000E-07,2.46286E+08,0.0881,9.0000E-07,1.97243E+08,0.0977,1.0000E-06,2.07925E+08,0.0970,2.0000E-06,1.27777E+09,0.0439,3.0000E-06,6.81351E+08,0.0591,4.0000E-06,5.27926E+08,0.0647,5.0000E-06,4.03244E+08,0.0737,6.0000E-06,3.42908E+08,0.0805,7.0000E-06,2.72271E+08,0.0887,8.0000E-06,2.07781E+08,0.0932,9.0000E-06,1.90340E+08,0.1039,1.0000E-05,1.78023E+08,0.0989,2.0000E-05,1.13287E+09,0.0484,3.0000E-05,6.96154E+08,0.0598,4.0000E-05,4.43640E+08,0.0719,5.0000E-05,3.41216E+08,0.0814,6.0000E-05,2.90135E+08,0.0879,7.0000E-05,2.29245E+08,0.0895,8.0000E-05,2.19779E+08,0.0927,9.0000E-05,1.76878E+08,0.0973,1.0000E-04,1.68855E+08,0.1053,2.0000E-04,1.08180E+09,0.0501,3.0000E-04,6.28728E+08,0.0637,4.0000E-04,4.08855E+08,0.0747,5.0000E-04,3.18586E+08,0.0791,6.0000E-04,2.39189E+08,0.0916,7.0000E-04,1.97340E+08,0.0962,8.0000E-04,2.20365E+08,0.0970,9.0000E-04,1.58232E+08,0.1134,1.0000E-03,1.76498E+08,0.1062,2.0000E-03,9.21445E+08,0.0528,3.0000E-03,5.49339E+08,0.0663,4.0000E-03,3.86586E+08,0.0740,5.0000E-03,2.62697E+08,0.0866,6.0000E-03,2.29514E+08,0.0910,7.0000E-03,1.83527E+08,0.1046,8.0000E-03,1.50237E+08,0.1252,9.0000E-03,1.15560E+08,0.1287,1.0000E-02,1.15785E+08,0.1265,2.0000E-02,8.24389E+08,0.0553,3.0000E-02,5.38287E+08,0.0672,4.0000E-02,1.88705E+08,0.0882,5.0000E-02,1.95995E+08,0.0927,6.0000E-02,2.36657E+08,0.0922,7.0000E-02,2.40328E+08,0.0885,8.0000E-02,2.34361E+08,0.0825,9.0000E-02,7.30186E+07,0.0947,1.0000E-01,6.61192E+07,0.1013,2.0000E-01,1.05271E+09,0.0499,3.0000E-01,6.52999E+08,0.0564,4.0000E-01,5.96548E+08,0.0577,5.0000E-01,4.34215E+08,0.0628,6.0000E-01,3.92299E+08,0.0637,7.0000E-01,3.74923E+08,0.0644,8.0000E-01,3.70752E+08,0.0650,9.0000E-01,2.53187E+08,0.0729,1.0000E+00,2.55538E+08,0.0769,2.0000E+00,1.70236E+09,0.0378,3.0000E+00,6.73322E+08,0.0548,4.0000E+00,2.69380E+08,0.0826,5.0000E+00,2.27989E+08,0.0852,6.0000E+00,1.28437E+08,0.1125,7.0000E+00,7.63246E+07,0.1372,8.0000E+00,3.81161E+07,0.2050,9.0000E+00,8.80163E+06,0.3460,1.0000E+01,6.16531E+06,0.4759,2.0000E+01,3.49573E+06,0.5880,3.0000E+01,0.00000E+00,0.0000,4.0000E+01,0.00000E+00,0.0000,5.0000E+01,0.00000E+00,0.0000,6.0000E+01,0.00000E+00,0.0000,7.0000E+01,0.00000E+00,0.0000,8.0000E+01,0.00000E+00,0.0000,9.0000E+01,0.00000E+00,0.0000,1.0000E+02,0.00000E+00,0.0000,2.0000E+02,0.00000E+00,0.0000,3.0000E+02,0.00000E+00,0.0000,4.0000E+02,0.00000E+00,0.0000,5.0000E+02,0.00000E+00,0.0000,6.0000E+02,0.00000E+00,0.0000,7.0000E+02,0.00000E+00,0.0000,8.0000E+02,0.00000E+00,0.0000,9.0000E+02,0.00000E+00,0.0000,1.0000E+03,0.00000E+00,0.0000,2.0000E+03,0.00000E+00,0.0000,3.0000E+03,0.00000E+00,0.0000,4.0000E+03,0.00000E+00,0.0000,5.0000E+03,0.00000E+00,0.0000,6.0000E+03,0.00000E+00,0.0000,7.0000E+03,0.00000E+00,0.0000,8.0000E+03,0.00000E+00,0.0000,9.0000E+03,0.00000E+00,0.0000
3344,empty channel (250 kW spectrum),4.78417E+03,1.0000E-08,7.66879E+09,0.0177,2.0000E-08,1.82871E+10,0.0125,3.0000E-08,2.14278E+10,0.0115,4.0000E-08,2.12112E+10,0.0114,5.0000E-08,1.90637E+10,0.0117,6.0000E-08,1.58545E+10,0.0125,7.0000E-08,1.24867E+10,0.0136,8.0000E-08,1.01331E+10,0.0147,9.0000E-08,7.68570E+09,0.0165,1.0000E-07,6.10764E+09,0.0184,2.0000E-07,1.82143E+10,0.0127,3.0000E-07,2.04187E+09,0.0392,4.0000E-07,9.41895E+08,0.0570,5.0000E-07,8.32425E+08,0.0653,6.0000E-07,5.98834E+08,0.0719,7.0000E-07,4.86616E+08,0.0806,8.0000E-07,3.64465E+08,0.0925,9.0000E-07,3.37388E+08,0.0990,1.0000E-06,3.49169E+08,0.0993,2.0000E-06,1.99573E+09,0.0444,3.0000E-06,1.02888E+09,0.0597,4.0000E-06,6.79389E+08,0.0702,5.0000E-06,5.52482E+08,0.0785,6.0000E-06,4.54087E+08,0.0845,7.0000E-06,4.16125E+08,0.0871,8.0000E-06,3.69188E+08,0.0887,9.0000E-06,3.32591E+08,0.0956,1.0000E-05,2.65889E+08,0.1029,2.0000E-05,1.62346E+09,0.0493,3.0000E-05,9.89895E+08,0.0616,4.0000E-05,6.92385E+08,0.0696,5.0000E-05,5.20063E+08,0.0827,6.0000E-05,3.63021E+08,0.0919,7.0000E-05,3.44321E+08,0.0943,8.0000E-05,3.46787E+08,0.0932,9.0000E-05,2.46766E+08,0.1175,1.0000E-04,2.23111E+08,0.1128,2.0000E-04,1.71484E+09,0.0477,3.0000E-04,9.31436E+08,0.0611,4.0000E-04,6.25650E+08,0.0700,5.0000E-04,5.43573E+08,0.0802,6.0000E-04,3.59999E+08,0.1000,7.0000E-04,3.80796E+08,0.0994,8.0000E-04,3.61411E+08,0.0936,9.0000E-04,2.73243E+08,0.1073,1.0000E-03,2.55629E+08,0.1141,2.0000E-03,1.39841E+09,0.0541,3.0000E-03,7.98362E+08,0.0704,4.0000E-03,6.21605E+08,0.0774,5.0000E-03,4.24303E+08,0.0952,6.0000E-03,4.02982E+08,0.0882,7.0000E-03,2.83585E+08,0.1072,8.0000E-03,2.26476E+08,0.1138,9.0000E-03,2.17048E+08,0.1160,1.0000E-02,2.19798E+08,0.1277,2.0000E-02,1.28566E+09,0.0520,3.0000E-02,9.66560E+08,0.0626,4.0000E-02,3.87465E+08,0.0848,5.0000E-02,3.77260E+08,0.0882,6.0000E-02,3.20208E+08,0.0943,7.0000E-02,3.83417E+08,0.0901,8.0000E-02,4.12894E+08,0.0814,9.0000E-02,1.13271E+08,0.1110,1.0000E-01,9.60640E+07,0.1238,2.0000E-01,1.44988E+09,0.0522,3.0000E-01,9.65255E+08,0.0610,4.0000E-01,7.51110E+08,0.0683,5.0000E-01,5.73104E+08,0.0715,6.0000E-01,4.53849E+08,0.0769,7.0000E-01,5.38628E+08,0.0741,8.0000E-01,4.85083E+08,0.0785,9.0000E-01,3.95301E+08,0.0799,1.0000E+00,3.83000E+08,0.0811,2.0000E+00,2.56008E+09,0.0384,3.0000E+00,8.40173E+08,0.0600,4.0000E+00,3.54045E+08,0.0896,5.0000E+00,2.87672E+08,0.0987,6.0000E+00,2.49361E+08,0.1055,7.0000E+00,1.10099E+08,0.1429,8.0000E+00,4.24422E+07,0.2390,9.0000E+00,1.78444E+07,0.3477,1.0000E+01,1.21130E+07,0.4218,2.0000E+01,3.87506E+06,0.7092,3.0000E+01,0.00000E+00,0.0000,4.0000E+01,0.00000E+00,0.0000,5.0000E+01,0.00000E+00,0.0000,6.0000E+01,0.00000E+00,0.0000,7.0000E+01,0.00000E+00,0.0000,8.0000E+01,0.00000E+00,0.0000,9.0000E+01,0.00000E+00,0.0000,1.0000E+02,0.00000E+00,0.0000,2.0000E+02,0.00000E+00,0.0000,3.0000E+02,0.00000E+00,0.0000,4.0000E+02,0.00000E+00,0.0000,5.0000E+02,0.00000E+00,0.0000,6.0000E+02,0.00000E+00,0.0000,7.0000E+02,0.00000E+00,0.0000,8.0000E+02,0.00000E+00,0.0000,9.0000E+02,0.00000E+00,0.0000,1.0000E+03,0.00000E+00,0.0000,2.0000E+03,0.00000E+00,0.0000,3.0000E+03,0.00000E+00,0.0000,4.0000E+03,0.00000E+00,0.0000,5.0000E+03,0.00000E+00,0.0000,6.0000E+03,0.00000E+00,0.0000,7.0000E+03,0.00000E+00,0.0000,8.0000E+03,0.00000E+00,0.0000,9.0000E+03,0.00000E+00,0.0000
